,Name,m/w,Bereich,Wikipedia,id,Twitter Verifiziert?,GSR,Unnamed: 7,verified,followers_count,degree,betweenness,contribution_index,sentiment_avg,emotionality_avg,ego_art,ego_nudges,alter_art,alter_nudges,complexity_avg,betweenness_oscillation,Wikipedia_name,Backlinks,Links,Awards,Publications,Wikipedia_score_x,GSR_score,Wikipedia_score_y,Sentiment_score,Twitter_score,Thoughtleader_Score,class_labels
0,Adolf Muschg,m ,Literatur,Adolf Muschg,0,0,3920,0,0,0.0,0.0,0.0,0.0,0.0,0.0,0.0,0.0,0.0,0.0,0.0,0.0,Adolf Muschg,245.0,104.0,0.0,0.0,0.16493383742911152,0.14921365554276947,0.16493383742911152,0.16728985609187003,0.0,0.12035933726593775,0
1,Aleksanra Bachzetsis,w,Kunst,Alexandra Bachzetsis,0,0,888,0,0,0.0,0.0,0.0,0.0,0.0,0.0,0.0,0.0,0.0,0.0,0.0,0.0,Alexandra Bachzetsis,7.0,30.0,0.0,0.0,0.017485822306238186,0.03291139240506329,0.017485822306238186,0.0,0.0,0.01259930367782537,0
2,Andreas Vollenweider,m,Musik,Andreas Vollenweider,a_vollenweider,ja,7500,0,1,1879.0,4.090909090909091,0.6363636363636364,0.0,0.820245238867673,0.2825329141183333,0.3456415345982143,1.023809518132891,12.391162449001737,1.163265313420977,7.093006553071917,0.2857142857142857,Andreas Vollenweider,84.0,153.0,0.0,1.0,0.1994328922495274,0.286536248561565,0.1994328922495274,0.0,0.00317996042494919,0.1222872753090104,0
3,Anna Rosenwasser,w,Aktivismus,0,annarosenwasser,0,1200,0,0,700.0,3.6666666666666665,66.5,-0.3333333333333333,0.607516884803772,0.2376011200249195,0.0,1.0,0.0,1.0,9.772384643554688,1.0,0,0.0,0.0,0.0,0.0,0.0,0.04487917146144994,0.0,0.16635369526231578,0.0,0.05280821668094143,0
4,Annemarie Piper,w,Philosophie,Annemarie Pieper,0,0,408,0,0,0.0,0.0,0.0,0.0,0.0,0.0,0.0,0.0,0.0,0.0,0.0,0.0,Annemarie Pieper,51.0,45.0,0.0,0.0,0.045368620037807186,0.014499424626006905,0.045368620037807186,0.0,0.0,0.014967011165953522,0
5,Aviel Cahn,m,Musik,Aviel Cahn,0,0,432,0,0,0.0,0.0,0.0,0.0,0.0,0.0,0.0,0.0,0.0,0.0,0.0,0.0,Aviel Cahn,7.0,47.0,0.0,0.0,0.02551984877126654,0.015420023014959724,0.02551984877126654,0.14717157287525381,0.0,0.04702786116537002,0
6,Barbara Bleisch,w,Philosophie,Barbara Bleisch,barbarableisch,0,1930,0,0,7213.0,10.596774193548388,417.7939542483659,-0.0296236559139785,0.5335093268052455,0.2314631108219261,13.282310987927596,1.2445143935856997,14.342523970959592,1.3236184916035696,9.203603826560258,1.901098901098901,Barbara Bleisch,22.0,38.0,0.0,2.0,0.20321361058601134,0.0728807057920982,0.20321361058601134,0.16354658365879424,0.044410445226494705,0.12101283631584964,0
7,Barbara Buser,w,Architektur,0,0,0,438,0,0,0.0,0.0,0.0,0.0,0.0,0.0,0.0,0.0,0.0,0.0,0.0,0.0,0,0.0,0.0,0.0,0.0,0.0,0.015650172612197928,0.0,0.0,0.0,0.003912543153049482,0
8,Barbara Frey,w,Film,Barbara Frey (Regisseurin),0,0,2480,0,0,0.0,0.0,0.0,0.0,0.0,0.0,0.0,0.0,0.0,0.0,0.0,0.0,Barbara Frey (Regisseurin),93.0,100.0,0.0,0.0,0.09120982986767485,0.09397775220560031,0.09120982986767485,0.0,0.0,0.046296895518318795,0
9,Benedikt von Peter,m,Musik,Benedikt von Peter,0,0,783,0,0,0.0,0.0,0.0,0.0,0.0,0.0,0.0,0.0,0.0,0.0,0.0,0.0,Benedikt von Peter,26.0,43.0,0.0,0.0,0.03260869565217391,0.028883774453394708,0.03260869565217391,0.0,0.0,0.015373117526392154,0
10,Bice Curiger,w,Kunst,Bice Curiger,0,0,914,0,0,0.0,0.0,0.0,0.0,0.0,0.0,0.0,0.0,0.0,0.0,0.0,0.0,Bice Curiger,40.0,76.0,0.0,0.0,0.054820415879017016,0.033908707326428845,0.054820415879017016,0.18516049401500748,0.0,0.06847240430511334,0
11,Big Zis aka Franziska Schläpfer,w,Musik,Big Zis,0,0,1020,0,0,0.0,0.0,0.0,0.0,0.0,0.0,0.0,0.0,0.0,0.0,0.0,0.0,Big Zis,31.0,40.0,2.0,1.0,0.29584120982986767,0.0379746835443038,0.29584120982986767,0.0,0.0,0.08345397334354286,0
12,Boris Blank,m,Musik,Boris Blank (Musiker),0,0,3530,0,0,0.0,0.0,0.0,0.0,0.0,0.0,0.0,0.0,0.0,0.0,0.0,0.0,Boris Blank (Musiker),18.0,21.0,0.0,0.0,0.018431001890359167,0.13425393172228614,0.018431001890359167,0.1760386898685566,0.0,0.08218090587030048,0
13,Charles Lewinsky,m,Literatur,Charles Lewinsky,0,0,2660,0,0,0.0,0.0,0.0,0.0,0.0,0.0,0.0,0.0,0.0,0.0,0.0,0.0,Charles Lewinsky,94.0,63.0,0.0,2.0,0.249054820415879,0.10088224012274645,0.249054820415879,0.0,0.0,0.08748426513465636,0
14,Chris von Rohr,m,Musik,Chris von Rohr,0,0,3860,0,0,0.0,0.0,0.0,0.0,0.0,0.0,0.0,0.0,0.0,0.0,0.0,0.0,Chris von Rohr,92.0,130.0,0.0,0.0,0.10491493383742911,0.14691215957038742,0.10491493383742911,0.17163232580845983,0.0,0.10586485480406908,0
15,Christian Jott Jenny,m,Musik,Christian Jott Jenny,0,0,773,0,0,0.0,0.0,0.0,0.0,0.0,0.0,0.0,0.0,0.0,0.0,0.0,0.0,Christian Jott Jenny,7.0,34.0,0.0,0.0,0.019376181474480152,0.028500191791331033,0.019376181474480152,0.16595601888227024,0.0,0.053458098037020355,0
16,ChristophMathias Müller,m,Musik,ChristophMathias Mueller,cmu1001,0,339,0,0,29.0,5.545454545454546,26.636363636363637,0.0,0.7068882495362424,0.27971464787242994,2.428218954248366,1.1862745144787956,7.83906984375,1.3697916716337204,6.159891053040822,1.3333333333333333,ChristophMathias Mueller,0.0,0.0,0.0,0.0,0.0,0.011852704257767549,0.0,0.0,0.0037203354959213226,0.003893259938422218,0
17,Christoph RehmannSuter,m,Philosophie,Christoph RehmannSutter,0,0,315,0,0,0.0,0.0,0.0,0.0,0.0,0.0,0.0,0.0,0.0,0.0,0.0,0.0,Christoph RehmannSutter,0.0,0.0,0.0,0.0,0.0,0.01093210586881473,0.0,0.0,0.0,0.0027330264672036824,0
18,Claudia Honegger,w,Soziologie,Claudia Honegger,0,0,161,0,0,0.0,0.0,0.0,0.0,0.0,0.0,0.0,0.0,0.0,0.0,0.0,0.0,Claudia Honegger,20.0,56.0,0.0,0.0,0.035916824196597356,0.005024932873034139,0.035916824196597356,0.0,0.0,0.010235439267407874,0
19,Daniel Ryser,m,Literatur,Daniel Ryser,dnlrysr,0,93,0,0,2539.0,28.8,4412.071068931063,-0.203,0.32124570741891656,0.2549833373951428,2.7174115190972223,1.3048103228211403,2.757799375,1.2989874184131622,8.286428769979917,0.5,Daniel Ryser,29.0,41.0,0.0,0.0,0.0330812854442344,0.0024165707710011508,0.0330812854442344,0.10586543216932025,0.38683078395346715,0.13204851808450574,0
20,David Bosshardt,m,Philosophie,David Bosshart,0,0,30,0,0,0.0,0.0,0.0,0.0,0.0,0.0,0.0,0.0,0.0,0.0,0.0,0.0,David Bosshart,11.0,13.0,0.0,0.0,0.011342155009451797,0.0,0.011342155009451797,0.0,0.0,0.002835538752362949,0
21,Dieter Meier,m,Musik,Dieter Meier,yello_official,0,3350,0,0,509.0,5.642857142857143,32.214285714285715,-0.08571428571428572,0.7043871402931519,0.27444058284163475,11.049328666666668,1.05,10.468312762345677,1.148148152563307,6.037026830208608,2.5,Dieter Meier,97.0,103.0,0.0,0.0,0.0945179584120983,0.12734944380514002,0.0945179584120983,0.1751628776691903,0.0046985044419181905,0.10043219608208671,0
22,Dirk Helbing,m,Soziologie,Dirk Helbing,dirkhelbing,0,2410,0,0,3009.0,14.197860962566844,619.5197563874034,-0.0011229946524064173,0.5883486845437109,0.22505931131958623,9.234675264762467,1.3640481642512388,6.3388208454994475,1.2928313766111874,6.896189048421543,1.9344262295081966,Dirk Helbing,25.0,54.0,0.0,0.0,0.03733459357277883,0.09129267357115459,0.03733459357277883,0.12153589838486226,0.058333035818380195,0.07712405033679397,0
23,Eduard Käser,m,Philosophie,Eduard Kaeser,0,0,980,0,0,0.0,0.0,0.0,0.0,0.0,0.0,0.0,0.0,0.0,0.0,0.0,0.0,Eduard Kaeser,24.0,32.0,0.0,0.0,0.026465028355387523,0.0364403528960491,0.026465028355387523,0.0,0.0,0.015726345312859154,0
24,Elisabeth Bronfen,w,Literatur,Elisabeth Bronfen,0,0,1450,0,0,0.0,0.0,0.0,0.0,0.0,0.0,0.0,0.0,0.0,0.0,0.0,0.0,Elisabeth Bronfen,76.0,122.0,0.0,0.0,0.09357277882797732,0.05446873801304181,0.09357277882797732,0.13342517130668743,0.0,0.07036667203692665,0
25,Endo Anaconda,m,Musik,Endo Anaconda,0,0,1190,0,0,0.0,0.0,0.0,0.0,0.0,0.0,0.0,0.0,0.0,0.0,0.0,0.0,Endo Anaconda,27.0,43.0,0.0,0.0,0.0330812854442344,0.04449558879938627,0.0330812854442344,0.17782842712474617,0.0,0.0638513253420917,0
26,Eva Presenhuber,w,Kunst,Eva Presenhuber,0,0,2080,0,0,0.0,0.0,0.0,0.0,0.0,0.0,0.0,0.0,0.0,0.0,0.0,0.0,Eva Presenhuber,2.0,0.0,0.0,0.0,0.000945179584120983,0.07863444572305332,0.000945179584120983,0.2,0.0,0.06989490632679357,0
27,Fanni Fetzer,w,Kunst,Fanni Fetzer,0,0,500,0,0,0.0,0.0,0.0,0.0,0.0,0.0,0.0,0.0,0.0,0.0,0.0,0.0,Fanni Fetzer,9.0,56.0,0.0,0.0,0.030718336483931945,0.01802838511699271,0.030718336483931945,0.19378296295691544,0.0,0.060632421139460026,0
28,Franco Ambrosetti,m,Musik,Franco Ambrosetti,0,0,2750,0,0,0.0,0.0,0.0,0.0,0.0,0.0,0.0,0.0,0.0,0.0,0.0,0.0,Franco Ambrosetti,119.0,101.0,0.0,1.0,0.19139886578449905,0.10433448408131953,0.19139886578449905,0.17673205080756887,0.0,0.11811635016834686,0
29,Frank und Patrik Riklin,m,Kunst,Atelier für Sonderaufgaben,sonderaufgaben,0,1240,0,0,642.0,8.416666666666666,263.92118055555557,0.0,0.5460754982595513,0.23196765146413018,8.088357649997507,1.2713587684709518,8.557050630184673,1.2563432410247344,8.796063709962393,1.75,Atelier für Sonderaufgaben,6.0,39.0,0.0,0.0,0.021266540642722116,0.046413502109704644,0.021266540642722116,0.19053703654818951,0.025217889315551016,0.07085874215404182,0
30,Güzin Kar,w,Film,Güzin Kar,guzinkar,0,3700,0,0,10259.0,23.463768115942027,2548.6863929146534,-0.278695652173913,0.48137428983223995,0.2328858936911744,2.566464456753441,1.2410968603394557,3.4680101477541383,1.440448850604659,9.907042308661651,1.1846153846153846,Güzin Kar,54.0,36.0,0.0,1.0,0.12996219281663515,0.14077483697736862,0.12996219281663515,0.17532097138503402,0.23225680791660136,0.1695787022739098,0
31,Hazel Brugger,w,Komiker,Hazel Brugger,hazelbrugger,ja,13900,0,1,310710.0,6.350710900473934,141.0448619574212,-0.02867298578199052,0.5162605598228305,0.22107261264188235,10.762295715015552,1.2770935448753091,13.944308718971628,1.2695446765803275,9.009502442044534,1.7246376811594204,Hazel Brugger,65.0,77.0,2.0,3.0,0.5042533081285444,0.5320291522823168,0.5042533081285444,0.16865941020981096,0.28229678133653535,0.3718096629893019,1
32,Irena Brezna,w,Literatur,Irena Brežná,0,0,762,0,0,0.0,0.0,0.0,0.0,0.0,0.0,0.0,0.0,0.0,0.0,0.0,0.0,Irena Brežná,21.0,34.0,0.0,0.0,0.02599243856332703,0.02807825086306099,0.02599243856332703,0.0,0.0,0.013517672356597005,0
33,Jacqueline Burkhardt,w,Kunst,Jacqueline Burckhardt,0,0,227,0,0,0.0,0.0,0.0,0.0,0.0,0.0,0.0,0.0,0.0,0.0,0.0,0.0,Jacqueline Burckhardt,19.0,64.0,0.0,0.0,0.039224952741020794,0.007556578442654392,0.039224952741020794,0.0,0.0,0.011695382795918797,0
34,Jaques Herzog,m,Architektur,Herzog & de Meuron,herzogdemeuron,0,111,0,0,1522.0,7.0,225.62067510548522,0.0,0.6990353580478182,0.22757586332733465,11.679714569355085,1.1987650850239921,14.008789849726776,1.2919173768309296,7.311822014048626,1.96,Herzog & de Meuron,249.0,176.0,0.0,0.0,0.2008506616257089,0.0031070195627157654,0.2008506616257089,0.0,0.022444692142412983,0.05660059333270941,0
35,Jean Ziegler,m,Soziologie,Jean Ziegler,0,0,8780,0,0,0.0,0.0,0.0,0.0,0.0,0.0,0.0,0.0,0.0,0.0,0.0,0.0,Jean Ziegler,237.0,165.0,0.0,1.0,0.2774102079395085,0.33563482930571537,0.2774102079395085,0.1575302645744331,0.0,0.19264382545491424,0
36,Jessica Jurassica,w,Musik,0,sickbutsocial,0,1520,0,0,1942.0,14.69767441860465,1557.5500000000002,-0.00372093023255814,0.37537147327131776,0.23853387739162282,2.183065939899503,1.2905134573215389,2.316278742232281,1.3152827379249392,9.505793049247245,2.1025641025641026,0,0.0,0.0,0.0,0.0,0.0,0.05715381664748753,0.0,0.16187295354420594,0.1387704277977846,0.08944929949736952,0
37,Jonas Lüscher,m,Literatur,Jonas Lüscher,0,0,1420,0,0,0.0,0.0,0.0,0.0,0.0,0.0,0.0,0.0,0.0,0.0,0.0,0.0,Jonas Lüscher,45.0,67.0,0.0,2.0,0.2277882797731569,0.05331799002685079,0.2277882797731569,0.17347901725674783,0.0,0.11364632176418887,0
38,Jörg Scheller,m,Kunst,Jörg Scheller,joergscheller1,0,8400,0,0,4140.0,24.96,4243.691959318458,-0.5144,0.32095538034386456,0.22671607290992646,2.007401597360009,1.1277077160184343,2.5057618712515786,1.2518172277645632,9.59321828767752,0.45652173913043476,Jörg Scheller,43.0,74.0,0.0,4.0,0.4050094517958412,0.32105868814729577,0.4050094517958412,0.1599769575235423,0.3734428305377502,0.3148719820011074,1
39,Jürg Halter,m,Literatur,Jürg Halter,halterjuerg,0,1460,0,0,5807.0,8.025773195876289,335.62373575736973,-0.006701030927835054,0.41235792572729435,0.2262693524282998,12.115589937463636,1.3163011462588585,8.627734620428047,1.3054709015665829,9.70543141933975,1.9473684210526316,Jürg Halter,33.0,45.0,0.0,1.0,0.12429111531190926,0.05485232067510549,0.12429111531190926,0.16087776311929433,0.03591508721224963,0.09398407157963967,0
40,Kathleen Bühler,w,Kunst,0,0,0,408,0,0,0.0,0.0,0.0,0.0,0.0,0.0,0.0,0.0,0.0,0.0,0.0,0.0,0,0.0,0.0,0.0,0.0,0.0,0.014499424626006905,0.0,0.2,0.0,0.05362485615650173,0
41,Katja Früh,w,Theater,Katja Früh,0,0,549,0,0,0.0,0.0,0.0,0.0,0.0,0.0,0.0,0.0,0.0,0.0,0.0,0.0,Katja Früh,29.0,34.0,0.0,0.0,0.029773156899810964,0.01990794016110472,0.029773156899810964,0.14784322000295702,0.0,0.04938107926596817,0
42,Katja Gentinetta,w,Philosophie,Katja Gentinetta,kgentinetta,0,440,0,0,1013.0,5.482142857142857,162.82023809523812,-0.13089285714285714,0.5787537909391021,0.26693228721690776,3.0935013904207516,1.132586370496189,4.249911128941441,1.2020592045139622,8.898759591323559,1.7884615384615385,Katja Gentinetta,16.0,38.0,0.0,0.0,0.02551984877126654,0.015726889144610665,0.02551984877126654,0.17665275196191002,0.01659633624090157,0.0586239565296722,0
43,Katja Rost,w,Soziologie,Katja Rost,katja_rost,0,519,0,0,515.0,10.18421052631579,672.7232456140352,-0.0009210526315789475,0.5250684071185767,0.2301123750569552,11.173261466455395,1.2861334585091646,10.789703703792732,1.2813972748242892,8.803116624625497,1.7777777777777777,Katja Rost,6.0,26.0,0.0,0.0,0.015122873345935728,0.018757192174913694,0.015122873345935728,0.14663586088771735,0.060571380551475616,0.0602718267400106,0
44,Knackeboul,m,Musik,Knackeboul,knackeboul,0,1880,0,0,14220.0,27.511627906976745,3177.4208203295416,-0.2827906976744185,0.436393163005531,0.2306415655426335,2.5865580996117092,1.2955519883863387,2.331094301075269,1.3126988968541544,9.348930095399767,1.205128205128205,Knackeboul,38.0,36.0,0.0,2.0,0.20982986767485823,0.07096279248177982,0.20982986767485823,0.15976440042576198,0.29030920309279223,0.1827165659187981,0
45,Lara Stoll,w,Satire,Lara Stoll,0,0,2680,0,0,0.0,0.0,0.0,0.0,0.0,0.0,0.0,0.0,0.0,0.0,0.0,0.0,Lara Stoll,23.0,37.0,1.0,1.0,0.20321361058601134,0.1016494054468738,0.20321361058601134,0.0,0.0,0.07621575400822128,0
46,Lena Lisa Wüstendörfer,w,Musik,LenaLisa Wüstendörfer,0,0,377,0,0,0.0,0.0,0.0,0.0,0.0,0.0,0.0,0.0,0.0,0.0,0.0,0.0,LenaLisa Wüstendörfer,0.0,0.0,0.0,0.0,0.0,0.013310318373609513,0.0,0.0,0.0,0.0033275795934023782,0
47,Lorenz Häberli,m,Musik,Lo & Leduc,loleduc,0,2770,"(für ""Lo & Leduc"", sonst 140)",0,2449.0,5.9421487603305785,21.289256198347108,0.0,0.6624770176049356,0.24649356447810022,10.39485367763158,1.2149760773307399,13.122724252317322,1.2156253285927348,8.880874298486596,1.0940170940170941,Lo & Leduc,56.0,34.0,0.0,0.0,0.04253308128544423,0.10510164940544688,0.04253308128544423,0.0,0.0055655819589196355,0.038300078162452685,0
49,Luc Oggier (von Lu & Leduc),m,Musik,Lo & Leduc,loleduc,0,2770,"(für ""Lo & Leduc"", sonst 140)",0,2449.0,5.9421487603305785,21.289256198347108,0.0,0.6624770176049356,0.24649356447810022,10.39485367763158,1.2149760773307399,13.122724252317322,1.2156253285927348,8.880874298486596,1.0940170940170941,Lo & Leduc,56.0,34.0,0.0,0.0,0.04253308128544423,0.10510164940544688,0.04253308128544423,0.0,0.0055655819589196355,0.038300078162452685,0
51,Ludwig Hasler,m,Philosophie,Ludwig Hasler,ludwighasler,0,462,Hat noch nichts getwittert!,0,0.0,1.0,0.0,-1.0,0.0,0.0,0.0,0.0,0.0,0.0,0.0,0.0,Ludwig Hasler,10.0,27.0,0.0,0.0,0.017485822306238186,0.016570771001150748,0.017485822306238186,0.1702418414526518,0.0,0.05107460869001018,0
52,Lukas Bärfuss,m,Literatur,Lukas Bärfuss,0,0,4030,0,0,0.0,0.0,0.0,0.0,0.0,0.0,0.0,0.0,0.0,0.0,0.0,0.0,Lukas Bärfuss,165.0,120.0,0.0,4.0,0.4844045368620038,0.1534330648254699,0.4844045368620038,0.15862331367880167,0.0,0.19911522884156885,1
53,Madeleine Schuppli,w,Kunst,Madeleine Schuppli,0,0,290,0,0,0.0,0.0,0.0,0.0,0.0,0.0,0.0,0.0,0.0,0.0,0.0,0.0,Madeleine Schuppli,9.0,36.0,0.0,0.0,0.021266540642722116,0.009973149213655544,0.021266540642722116,0.2,0.0,0.057809922464094415,0
54,MaiThu Perret,w,Kunst,0,0,0,1740,0,0,0.0,0.0,0.0,0.0,0.0,0.0,0.0,0.0,0.0,0.0,0.0,0.0,0,0.0,0.0,0.0,0.0,0.0,0.06559263521288838,0.0,0.0,0.0,0.016398158803222096,0
55,Manon,w,Kunst,Manon (Künstlerin),0,0,1310,0,0,0.0,0.0,0.0,0.0,0.0,0.0,0.0,0.0,0.0,0.0,0.0,0.0,Manon (Künstlerin),12.0,28.0,0.0,0.0,0.01890359168241966,0.04909858074415036,0.01890359168241966,0.17730556902919917,0.0,0.0613269353639423,0
56,Manuel Stahlberger,m,Musik,Manuel Stahlberger,0,0,1110,0,0,0.0,0.0,0.0,0.0,0.0,0.0,0.0,0.0,0.0,0.0,0.0,0.0,Manuel Stahlberger,18.0,22.0,1.0,0.0,0.10633270321361059,0.04142692750287687,0.10633270321361059,0.1592190046219458,0.0,0.07674465883460832,0
57,Mario Botta,m,Architektur,Mario Botta,0,0,26100,0,0,0.0,0.0,0.0,0.0,0.0,0.0,0.0,0.0,0.0,0.0,0.0,0.0,Mario Botta,197.0,109.0,0.0,0.0,0.1446124763705104,1.0,0.1446124763705104,0.18473543609447576,0.0,0.3323369781162465,1
58,Marisa Godoy,w,Tanz,0,0,0,233,0,0,0.0,0.0,0.0,0.0,0.0,0.0,0.0,0.0,0.0,0.0,0.0,0.0,0,0.0,0.0,0.0,0.0,0.0,0.007786728039892597,0.0,0.0,0.0,0.0019466820099731492,0
59,Marko Kovic,m,Soziologie,0,marko_kovic,0,253,0,0,907.0,6.927152317880795,163.72328918322296,-0.005066225165562914,0.5083993259609128,0.24833193124441685,11.59062815886092,1.2740132047199244,12.585098676235368,1.2855262692327853,7.953736474103859,1.8926174496644295,0,0.0,0.0,0.0,0.0,0.0,0.008553893364019946,0.0,0.15926739846410892,0.016591085028576334,0.046103094214176306,0
60,Martin Meyer,m,Literatur,Martin Meyer (Publizist),0,0,14900,0,0,0.0,0.0,0.0,0.0,0.0,0.0,0.0,0.0,0.0,0.0,0.0,0.0,Martin Meyer (Publizist),42.0,41.0,0.0,0.0,0.039224952741020794,0.5703874184886844,0.039224952741020794,0.16648757234433872,0.0,0.19402498589351097,0
61,Martin R. Dean,m,Literatur,Martin R. Dean,mrdeanr,0,1070,0,0,65.0,4.4,24.58,-0.0132,0.6058810104802251,0.2431239366531372,6.593541527777778,1.125,0.0,1.0,8.954343461990357,1.2857142857142858,Martin R. Dean,26.0,47.0,0.0,0.0,0.03449905482041588,0.039892596854622174,0.03449905482041588,0.16032810438298617,0.0,0.058679939014506056,0
62,Melinda Nadj Abonji,w,Literatur,Melinda Nadj Abonji,0,0,1210,0,0,0.0,0.0,0.0,0.0,0.0,0.0,0.0,0.0,0.0,0.0,0.0,0.0,Melinda Nadj Abonji,56.0,63.0,0.0,0.0,0.05623818525519849,0.04526275412351362,0.05623818525519849,0.16661564377575716,0.0,0.06702914578861732,0
63,Michael Haefliger,m,Musik,Michael Haefliger,mhaefliger,0,402,0,0,518.0,11.646706586826348,478.74580363083345,0.0,0.6297904617750046,0.2335234983307241,6.3250549707785275,1.2820229248970931,5.78836132984552,1.326787882036977,7.114117997040176,1.9570552147239264,Michael Haefliger,10.0,26.0,0.0,0.0,0.017013232514177693,0.014269275028768699,0.017013232514177693,0.18702484567313168,0.04383221075053961,0.06553489099165442,0
64,Mickry 3,w,Kunst,0,0,0,218,0,0,0.0,0.0,0.0,0.0,0.0,0.0,0.0,0.0,0.0,0.0,0.0,0.0,0,0.0,0.0,0.0,0.0,0.0,0.007211354046797085,0.0,0.0,0.0,0.0018028385116992712,0
65,Milena Moser,w,Literatur,Milena Moser,0,0,1120,0,0,0.0,0.0,0.0,0.0,0.0,0.0,0.0,0.0,0.0,0.0,0.0,0.0,Milena Moser,30.0,28.0,0.0,0.0,0.027410207939508508,0.04181051016494054,0.027410207939508508,0.1707402267780855,0.0,0.05999023622063364,0
66,Milo Rau,m,Theater,Milo Rau,0,0,10500,0,0,0.0,0.0,0.0,0.0,0.0,0.0,0.0,0.0,0.0,0.0,0.0,0.0,Milo Rau,91.0,133.0,0.0,9.0,0.8927221172022685,0.4016110471806674,0.8927221172022685,0.17491413999784713,0.0,0.36731182609519575,1
67,Miriam Cahn,w,Kunst,Miriam Cahn,0,0,4210,0,0,0.0,0.0,0.0,0.0,0.0,0.0,0.0,0.0,0.0,0.0,0.0,0.0,Miriam Cahn,40.0,86.0,0.0,0.0,0.05954631379962193,0.16033755274261605,0.05954631379962193,0.16372599488848896,0.0,0.09590246535768174,0
68,Miriam Meckel,w,Medien,Miriam Meckel,mmeckel,ja,1810,0,1,54272.0,16.444444444444443,1426.4264550264552,-0.1528395061728395,0.521589134946287,0.24283169124562445,7.197844609720731,1.3138887838405722,6.961446703099054,1.3228388480518176,7.7927582217050535,1.8311688311688312,Miriam Meckel,102.0,63.0,0.0,0.0,0.07797731568998109,0.0682777138473341,0.07797731568998109,0.1829754023805125,0.17257641040792485,0.12545171058143811,0
69,Oliver Bendel,m,Philosophie,Oliver Bendel,0,0,726,0,0,0.0,0.0,0.0,0.0,0.0,0.0,0.0,0.0,0.0,0.0,0.0,0.0,Oliver Bendel,17.0,30.0,0.0,0.0,0.0222117202268431,0.026697353279631762,0.0222117202268431,0.1,0.0,0.037227268376618716,0
70,Patricia Kopatchinskaja ,w,Musik,Patricia Kopatchinskaja ,patkopviolin,0,9690,0,0,2638.0,5.866141732283465,15.881889763779528,-0.031496062992125984,0.7661606714979773,0.2679563266052583,10.97396713227513,1.2890249456678118,11.110666636167416,1.2263728047276403,5.880379048990668,1.5772357723577235,Patricia Kopatchinskaja ,67.0,136.0,1.0,0.0,0.1833648393194707,0.3705408515535098,0.1833648393194707,0.0,0.005041814980826678,0.1397368764634518,0
71,Patrick Rohr,m,Fotograf,Patrick Rohr,_patrickrohr,0,1410,0,0,3392.0,6.963235294117647,141.25367647058823,-0.01566176470588235,0.5268965995889493,0.24439528294801185,8.717354694811053,1.225653475928075,4.668739058110509,1.194768066427349,8.054342757176821,2.1515151515151514,Patrick Rohr,25.0,29.0,0.0,1.0,0.11294896030245746,0.05293440736478711,0.11294896030245746,0.15921415826525998,0.01685312277584698,0.08548766217708788,0
72,Patti Basler,w,Satire,Patti Basler,pattibasler,0,1750,0,0,8835.0,20.79047619047619,1800.3295124716547,-0.03228571428571428,0.4055971253722001,0.21456948461803127,5.562122784969433,1.2970912844231985,5.616136929189011,1.3279600084418117,9.545818750708246,1.9306930693069306,Patti Basler,14.0,29.0,0.0,0.0,0.020321361058601134,0.06597621787495206,0.020321361058601134,0.14547722557505166,0.1661653685823114,0.09948504327272906,0
73,Peach Weber,m,Komiker,Peach Weber,peachweber,0,3840,0,0,3839.0,4.034129692832765,0.12627986348122866,-0.001808873720136519,0.44837662447123466,0.23304316445657944,10.189749996620924,1.184094369139301,10.42472145219638,1.2326356610586477,9.624344098168793,0.08304498269896193,Peach Weber,20.0,21.0,0.0,1.0,0.10680529300567108,0.14614499424626007,0.10680529300567108,0.1651019455734393,0.00473311333592994,0.10569633654032509,0
74,Pedro Lenz,m,Literatur,Pedro Lenz,pedrolenz,0,4240,Hat noch nichts getwittert!,0,0.0,1.0,0.0,-1.0,0.0,0.0,0.0,0.0,0.0,0.0,0.0,0.0,Pedro Lenz,64.0,49.0,0.0,2.0,0.22826086956521738,0.16148830072880707,0.22826086956521738,0.16954302369441598,0.0,0.1398230484971101,0
75,Peter Bichsel,m,Literatur,Peter Bichsel,0,0,2560,0,0,0.0,0.0,0.0,0.0,0.0,0.0,0.0,0.0,0.0,0.0,0.0,0.0,Peter Bichsel,191.0,94.0,0.0,1.0,0.222117202268431,0.0970464135021097,0.222117202268431,0.16644926674379928,0.0,0.121403220628585,0
76,Peter Bieri,m,Philosophie/ Literatur,Peter Bieri,0,0,1440,0,0,0.0,0.0,0.0,0.0,0.0,0.0,0.0,0.0,0.0,0.0,0.0,0.0,Peter Bieri,136.0,70.0,0.0,2.0,0.2722117202268431,0.05408515535097814,0.2722117202268431,0.0,0.0,0.0815742188944553,0
77,Peter Stamm,m,Literatur,Peter Stamm,0,0,5370,0,0,0.0,0.0,0.0,0.0,0.0,0.0,0.0,0.0,0.0,0.0,0.0,0.0,Peter Stamm,147.0,109.0,0.0,1.0,0.20841209829867674,0.2048331415420023,0.20841209829867674,0.0,0.0,0.10331130996016977,0
78,Peter von Matt,m,Literatur,Peter von Matt,0,0,2070,0,0,0.0,0.0,0.0,0.0,0.0,0.0,0.0,0.0,0.0,0.0,0.0,0.0,Peter von Matt,179.0,62.0,0.0,0.0,0.11389413988657845,0.07825086306098965,0.11389413988657845,0.0,0.0,0.04803625073689202,0
79,Petra Volpe,w,Film,Petra Volpe,petravolpe,0,1320,0,0,820.0,6.341317365269461,85.80340747077277,-0.005688622754491018,0.6403052009178326,0.23257920621720132,8.404137991761981,1.171536372558964,8.022131380919852,1.2114071059422415,6.902721488771987,1.638036809815951,Petra Volpe,48.0,31.0,1.0,1.0,0.21219281663516068,0.04948216340621404,0.21219281663516068,0.15616441400296896,0.009647720585900216,0.10687177865756098,0
80,Philip Ursprung,m,Geschichte,Philip Ursprung,0,0,1460,0,0,0.0,0.0,0.0,0.0,0.0,0.0,0.0,0.0,0.0,0.0,0.0,0.0,Philip Ursprung,20.0,26.0,0.0,1.0,0.10916824196597354,0.05485232067510549,0.10916824196597354,0.0,0.0,0.04100514066026976,0
81,Philipp Sarasin,m,Geschichte,Philipp Sarasin,philipp_sarasin,0,2110,0,0,4587.0,27.3,2648.6317767410005,-0.009000000000000001,0.40050240029804934,0.23777825370938907,4.382503415662201,1.2936293179932095,4.74705749570106,1.329242240531104,8.70751786384402,1.7424242424242424,Philipp Sarasin,71.0,34.0,0.0,1.0,0.13705103969754254,0.07978519370924435,0.13705103969754254,0.1659562232905441,0.23626532336777714,0.15476444501627704,0
82,Pipilotti Rist,w,Kunst,Pipilotti Rist,0,0,6980,0,0,0.0,0.0,0.0,0.0,0.0,0.0,0.0,0.0,0.0,0.0,0.0,0.0,Pipilotti Rist,147.0,112.0,0.0,0.0,0.1224007561436673,0.2665899501342539,0.1224007561436673,0.0,0.0,0.0972476765694803,0
83,Regula Stämpfli,w,Politologie,Regula Stämpfli,lastaempfli,0,647,0,0,3085.0,78.4074074074074,11453.028405200464,-0.3029629629629629,0.47718067675473325,0.22677071690774228,6.433070060394042,1.156162787051428,7.416648710556774,1.3813594621524476,9.051814241139509,1.6956521739130435,Regula Stämpfli,37.0,47.0,0.0,0.0,0.03969754253308128,0.02366705024932873,0.03969754253308128,0.05,1.0,0.2783411481956025,1
84,Rolf Dobelli,m,Literatur,Rolf Dobelli,dobelli,0,11500,0,0,0.0,2.0,0.0,-1.0,0.0,0.0,0.0,0.0,0.0,0.0,0.0,0.0,Rolf Dobelli,38.0,62.0,0.0,0.0,0.04725897920604915,0.43996931338703493,0.04725897920604915,0.17224356246577938,0.0,0.16486796376471585,0
85,Ruth Schweikert,w,Literatur,Ruth Schweikert,0,0,638,0,0,0.0,0.0,0.0,0.0,0.0,0.0,0.0,0.0,0.0,0.0,0.0,0.0,Ruth Schweikert,41.0,51.0,0.0,0.0,0.043478260869565216,0.023321825853471423,0.043478260869565216,0.18049867679474746,0.0,0.061824690879446025,0
86,Sibylle Berg,w,Literatur,Sibylle Berg,sibylleberg,ja,7770,0,1,132163.0,25.184782608695652,2182.036608530359,-0.5129347826086957,0.5054875770911381,0.22501986571612734,2.932122240283685,1.1572042217952399,6.4116429616769555,1.2499897241592408,8.942051805228688,0.9318181818181818,Sibylle Berg,264.0,187.0,3.0,6.0,1.0,0.29689298043728424,1.0,0.15339404587728372,0.30591862921247254,0.4390514138817601,1
87,Sylvie Fleury,w,Kunst,Sylvie Fleury,0,0,4650,0,0,0.0,0.0,0.0,0.0,0.0,0.0,0.0,0.0,0.0,0.0,0.0,0.0,Sylvie Fleury,45.0,57.0,0.0,0.0,0.048204158790170135,0.17721518987341772,0.048204158790170135,0.0,0.0,0.05635483716589697,0
88,Sophie Hunger,w,Musik,Sophie Hunger,sophiehunger,ja,15300,0,1,9842.0,10.462264150943396,300.67814465408804,-0.031320754716981127,0.6310878603945829,0.2348799248547859,8.128739112302666,1.2812552857730124,8.178140806662148,1.2943443336348603,7.035941557167591,1.7450980392156863,Sophie Hunger,129.0,129.0,0.0,1.0,0.20935727788279773,0.5857307249712314,0.20935727788279773,0.125,0.03636829992208496,0.23911407569402848,1
89,Steff la Cheffe,w,Musik,Steff la Cheffe,0,0,1720,0,0,0.0,0.0,0.0,0.0,0.0,0.0,0.0,0.0,0.0,0.0,0.0,0.0,Steff la Cheffe,56.0,35.0,0.0,1.0,0.13043478260869565,0.06482546988876103,0.13043478260869565,0.17135678209757976,0.0,0.09165425864875912,0
90,Stephan Eicher,m,Musik,Stephan Eicher,stephaneicher1,0,8780,0,0,0.0,0.0,0.0,0.0,0.0,0.0,0.0,0.0,0.0,0.0,0.0,0.0,Stephan Eicher,138.0,85.0,0.0,0.0,0.1053875236294896,0.33563482930571537,0.1053875236294896,0.13182195028358587,0.0,0.14321107580469772,0
91,Stress,m,Musik,Stress (Musiker),stressmusic,0,334,gsr für Andres Andrekson,0,6945.0,5.566326530612245,15.153061224489797,-0.0010204081632653062,0.7267310160291582,0.26263683885403033,9.82052495307986,1.2981234017960326,9.33525694418964,1.3030904476353198,6.234485880675716,1.5625,Stress (Musiker),111.0,64.0,0.0,0.0,0.08270321361058601,0.011660912926735711,0.08270321361058601,0.0,0.008699671028623448,0.02576594939148629,0
92,Thomas Hürlimann,m,Literatur,Thomas Hürlimann,0,0,1570,0,0,0.0,0.0,0.0,0.0,0.0,0.0,0.0,0.0,0.0,0.0,0.0,0.0,Thomas Hürlimann,144.0,111.0,1.0,1.0,0.2953686200378072,0.05907172995780591,0.2953686200378072,0.16945445838277667,0.0,0.13097370209459744,0
93,Thomas Maissen,m,Geschichte,Thomas Maissen,0,0,683,0,0,0.0,0.0,0.0,0.0,0.0,0.0,0.0,0.0,0.0,0.0,0.0,0.0,Thomas Maissen,98.0,80.0,0.0,0.0,0.08412098298676748,0.02504794783275796,0.08412098298676748,0.1661226898783959,0.0,0.06882290517448034,0
94,Thomas Strässle,m,Literatur,Thomas Strässle,0,0,452,0,0,0.0,0.0,0.0,0.0,0.0,0.0,0.0,0.0,0.0,0.0,0.0,0.0,Thomas Strässle,22.0,56.0,0.0,0.0,0.036862003780718335,0.016187188339087073,0.036862003780718335,0.16784604989415153,0.0,0.055223810503489235,0
95,Thomas Straumann,m,Geschichte,Straumann (Unternehmen),straumann,ja,466,Einmal bitte Nachprüfen!!!,1,11947.0,5.117647058823529,30.189542483660126,0.0,0.7717587849361343,0.22178894823530915,7.414903712590941,1.2408596589451744,6.201213007544581,1.2134528778217457,6.218835176824899,1.2653061224489797,Straumann (Unternehmen),85.0,105.0,0.0,0.0,0.08979206049149338,0.016724204065976217,0.08979206049149338,0.18049867679474746,0.014270109385980362,0.07532126268454936,0
96,Tom Fischer,m,Musik,Thomas Gabriel Fischer,tomgwarrior,0,252,"""Thomas Gabriel Fischer"" mit diesem Namen gesucht!",0,4005.0,6.150943396226415,78.83018867924528,-0.03773584905660377,0.5374076690795078,0.24872939595485954,4.191960063786583,1.3052910055433,8.465316445866828,1.2657177422357642,6.152332476125563,2.204081632653061,Thomas Gabriel Fischer,41.0,29.0,0.0,0.0,0.0330812854442344,0.00851553509781358,0.0330812854442344,0.1641583123951777,0.011753358367662161,0.054377122826221966,0
97,Tommy Vercetti,m,Musik,Tommy Vercetti,vercetti_031,0,19700,0,0,113.0,4.518518518518518,26.074074074074073,0.0,0.7910333917089143,0.23548645212817096,12.625723729166669,1.24126984278361,9.355960656565657,1.1401515169577165,7.378309094758681,0.13043478260869565,Tommy Vercetti,23.0,29.0,0.0,0.0,0.024574669187145556,0.7545070962792482,0.024574669187145556,0.18410571767090145,0.003639352558078393,0.24170670892384338,1
98,Ueli Mäder,m,Soziologie,Ueli Mäder,0,0,610,0,0,0.0,0.0,0.0,0.0,0.0,0.0,0.0,0.0,0.0,0.0,0.0,0.0,Ueli Mäder,19.0,34.0,0.0,0.0,0.02504725897920605,0.022247794399693134,0.02504725897920605,0.17754950975679643,0.0,0.056211140783923905,0
99,Ursula Hauser,w,Kunst,0,0,0,816,0,0,0.0,0.0,0.0,0.0,0.0,0.0,0.0,0.0,0.0,0.0,0.0,0.0,0,0.0,0.0,0.0,0.0,0.0,0.030149597238204835,0.0,0.0,0.0,0.007537399309551209,0
100,Ursula Rodel,w,Mode,Ursula Rodel,0,0,95,0,0,0.0,0.0,0.0,0.0,0.0,0.0,0.0,0.0,0.0,0.0,0.0,0.0,Ursula Rodel,3.0,0.0,0.0,0.0,0.0014177693761814746,0.002493287303413886,0.0014177693761814746,0.15,0.0,0.038477764169898836,0
101,Zora del Buono,w,Literatur,Zora del Buono,0,0,1560,0,0,0.0,0.0,0.0,0.0,0.0,0.0,0.0,0.0,0.0,0.0,0.0,0.0,Zora del Buono,27.0,29.0,0.0,1.0,0.11389413988657845,0.05868814729574223,0.11389413988657845,0.16442076830695312,0.0,0.08425076387231845,0
