,Name,m/w,Bereich,Wikipedia,id,Twitter Verifiziert?,GSR,Unnamed: 7,Unnamed: 8,Unnamed: 9,Unnamed: 10,Unnamed: 11,Unnamed: 12,Unnamed: 13,Unnamed: 14,Unnamed: 15,Unnamed: 16,Unnamed: 17,Unnamed: 18,Unnamed: 19,Unnamed: 20,Unnamed: 21,Unnamed: 22,Unnamed: 23,Unnamed: 24,Unnamed: 25,verified,followers_count,degree,betweenness,contribution_index,sentiment_avg,emotionality_avg,ego_art,ego_nudges,alter_art,alter_nudges,complexity_avg,betweenness_oscillation,Wikipedia_name,Backlinks,Links,Awards,Publications,Wikipedia_score_x,GSR_score,Wikipedia_score_y,Sentiment_score,Twitter_score,Thoughtleader_Score,class_labels
0,Adolf Muschg,m ,Literatur,Adolf Muschg,0,0,3920,0,0.0,0.0,0.0,0.0,0.0,0.0,0.0,0.0,0.0,0.0,0.0,0.0,0.0,0.0,0.0,0.0,0.0,0.0,0,0.0,0.0,0.0,0.0,0.0,0.0,0.0,0.0,0.0,0.0,0.0,0.0,Adolf Muschg,245.0,104.0,0.0,0.0,349.0,0.02302183819612949,0.049398443029016276,0.83644928045935,0.0,0.22721739042112393,0
1,Aleksanra Bachzetsis,w,Kunst,Alexandra Bachzetsis,0,0,888,0,0.0,0.0,0.0,0.0,0.0,0.0,0.0,0.0,0.0,0.0,0.0,0.0,0.0,0.0,0.0,0.0,0.0,0.0,0,0.0,0.0,0.0,0.0,0.0,0.0,0.0,0.0,0.0,0.0,0.0,0.0,Alexandra Bachzetsis,7.0,30.0,0.0,0.0,37.0,0.005077824465881517,0.005237084217975938,0.0,0.0,0.0025787271709643636,0
2,Andreas Vollenweider,m,Musik,Andreas Vollenweider,a_vollenweider,ja,7500,0,0.0,0.0,0.0,0.0,0.0,0.0,0.0,0.0,0.0,0.0,0.0,0.0,0.0,0.0,0.0,0.0,0.0,0.0,1,1879.0,4.090909090909091,0.6363636363636364,0.0,0.820245238867673,0.2825329141183333,0.3456415345982143,1.023809518132891,12.391162449001737,1.163265313420977,7.093006553071917,0.2857142857142857,Andreas Vollenweider,84.0,153.0,0.0,1.0,287.0,0.044209031188968455,0.04062278839348903,0.0,0.0014676408802909205,0.0215748651156871,0
3,Anna Rosenwasser,w,Aktivismus,0,AnnaRosenwasser,0,1200,0,0.0,0.0,0.0,0.0,0.0,0.0,0.0,0.0,0.0,0.0,0.0,0.0,0.0,0.0,0.0,0.0,0.0,0.0,0,0.0,0.0,0.0,0.0,0.0,0.0,0.0,0.0,0.0,0.0,0.0,0.0,0,0.0,0.0,0.0,0.0,0.0,0.0069243060898384326,0.0,0.8317684763115789,0.0,0.20967319560035433,0
4,Annemarie Piper,w,Philosophie,Annemarie Pieper,0,0,408,0,0.0,0.0,0.0,0.0,0.0,0.0,0.0,0.0,0.0,0.0,0.0,0.0,0.0,0.0,0.0,0.0,0.0,0.0,0,0.0,0.0,0.0,0.0,0.0,0.0,0.0,0.0,0.0,0.0,0.0,0.0,Annemarie Pieper,51.0,45.0,0.0,0.0,96.0,0.0022370835059478014,0.013588110403397028,0.0,0.0,0.0039562984773362075,0
5,Aviel Cahn,m,Musik,Aviel Cahn,0,0,432,0,0.0,0.0,0.0,0.0,0.0,0.0,0.0,0.0,0.0,0.0,0.0,0.0,0.0,0.0,0.0,0.0,0.0,0.0,0,0.0,0.0,0.0,0.0,0.0,0.0,0.0,0.0,0.0,0.0,0.0,0.0,Aviel Cahn,7.0,47.0,0.0,0.0,54.0,0.0023791205539444873,0.007643312101910828,0.7358578643762691,0.0,0.1864700742580311,0
6,Barbara Bleisch,w,Philosophie,Barbara Bleisch,BarbaraBleisch,0,1930,0,0.0,0.0,0.0,0.0,0.0,0.0,0.0,0.0,0.0,0.0,0.0,0.0,0.0,0.0,0.0,0.0,0.0,0.0,0,0.0,0.0,0.0,0.0,0.0,0.0,0.0,0.0,0.0,0.0,0.0,0.0,Barbara Bleisch,22.0,38.0,0.0,2.0,160.0,0.01124459963307096,0.02264685067232838,0.8177329182939712,0.020496665434874346,0.21803025850856123,0
7,Barbara Buser,w,Architektur,0,0,0,438,0,0.0,0.0,0.0,0.0,0.0,0.0,0.0,0.0,0.0,0.0,0.0,0.0,0.0,0.0,0.0,0.0,0.0,0.0,0,0.0,0.0,0.0,0.0,0.0,0.0,0.0,0.0,0.0,0.0,0.0,0.0,0,0.0,0.0,0.0,0.0,0.0,0.0024146298159436587,0.0,0.0,0.0,0.0006036574539859147,0
8,Barbara Frey,w,Film,Barbara Frey (Regisseurin),0,0,2480,0,0.0,0.0,0.0,0.0,0.0,0.0,0.0,0.0,0.0,0.0,0.0,0.0,0.0,0.0,0.0,0.0,0.0,0.0,0,0.0,0.0,0.0,0.0,0.0,0.0,0.0,0.0,0.0,0.0,0.0,0.0,Barbara Frey (Regisseurin),93.0,100.0,0.0,0.0,193.0,0.014499615316328342,0.027317763623496107,0.0,0.0,0.010454344734956112,0
9,Benedikt von Peter,m,Musik,Benedikt von Peter,0,0,783,0,0.0,0.0,0.0,0.0,0.0,0.0,0.0,0.0,0.0,0.0,0.0,0.0,0.0,0.0,0.0,0.0,0.0,0.0,0,0.0,0.0,0.0,0.0,0.0,0.0,0.0,0.0,0.0,0.0,0.0,0.0,Benedikt von Peter,26.0,43.0,0.0,0.0,69.0,0.004456412380896017,0.009766454352441613,0.0,0.0,0.0035557166833344077,0
10,Bice Curiger,w,Kunst,Bice Curiger,0,0,914,0,0.0,0.0,0.0,0.0,0.0,0.0,0.0,0.0,0.0,0.0,0.0,0.0,0.0,0.0,0.0,0.0,0.0,0.0,0,0.0,0.0,0.0,0.0,0.0,0.0,0.0,0.0,0.0,0.0,0.0,0.0,Bice Curiger,40.0,76.0,0.0,0.0,116.0,0.005231697934544594,0.016418966737438076,0.9258024700750374,0.0,0.236863283686755,0
11,Big Zis aka Franziska Schläpfer,w,Musik,Big Zis,0,0,1020,0,0.0,0.0,0.0,0.0,0.0,0.0,0.0,0.0,0.0,0.0,0.0,0.0,0.0,0.0,0.0,0.0,0.0,0.0,0,0.0,0.0,0.0,0.0,0.0,0.0,0.0,0.0,0.0,0.0,0.0,0.0,Big Zis,31.0,40.0,2.0,1.0,221.0,0.0058590282298632895,0.03128096249115357,0.0,0.0,0.009284997680254215,0
12,Boris Blank,m,Musik,Boris Blank (Musiker),0,0,3530,0,0.0,0.0,0.0,0.0,0.0,0.0,0.0,0.0,0.0,0.0,0.0,0.0,0.0,0.0,0.0,0.0,0.0,0.0,0,0.0,0.0,0.0,0.0,0.0,0.0,0.0,0.0,0.0,0.0,0.0,0.0,Boris Blank (Musiker),18.0,21.0,0.0,0.0,39.0,0.020713736166183345,0.005520169851380042,0.8801934493427831,0.0,0.22660683884008662,0
13,Charles Lewinsky,m,Literatur,Charles Lewinsky,0,0,2660,0,0.0,0.0,0.0,0.0,0.0,0.0,0.0,0.0,0.0,0.0,0.0,0.0,0.0,0.0,0.0,0.0,0.0,0.0,0,0.0,0.0,0.0,0.0,0.0,0.0,0.0,0.0,0.0,0.0,0.0,0.0,Charles Lewinsky,93.0,62.0,0.0,2.0,255.0,0.015564893176303485,0.036093418259023353,0.0,0.0,0.01291457785883171,0
14,Chris von Rohr,m,Musik,Chris von Rohr,0,0,3860,0,0.0,0.0,0.0,0.0,0.0,0.0,0.0,0.0,0.0,0.0,0.0,0.0,0.0,0.0,0.0,0.0,0.0,0.0,0,0.0,0.0,0.0,0.0,0.0,0.0,0.0,0.0,0.0,0.0,0.0,0.0,Chris von Rohr,92.0,130.0,0.0,0.0,222.0,0.022666745576137775,0.031422505307855626,0.8581616290422992,0.0,0.22806271998157315,0
15,Christian Jott Jenny,m,Musik,Christian Jott Jenny,0,0,773,0,0.0,0.0,0.0,0.0,0.0,0.0,0.0,0.0,0.0,0.0,0.0,0.0,0.0,0.0,0.0,0.0,0.0,0.0,0,0.0,0.0,0.0,0.0,0.0,0.0,0.0,0.0,0.0,0.0,0.0,0.0,Christian Jott Jenny,7.0,34.0,0.0,0.0,41.0,0.004397230277564065,0.005803255484784147,0.8297800944113513,0.0,0.20999514504342487,0
16,ChristophMathias Müller,m,Musik,ChristophMathias Mueller,cmu1001,0,339,0,0.0,0.0,0.0,0.0,0.0,0.0,0.0,0.0,0.0,0.0,0.0,0.0,0.0,0.0,0.0,0.0,0.0,0.0,0,29.0,5.545454545454546,26.636363636363637,0.0,0.7068882495362424,0.27971464787242994,2.428218954248366,1.1862745144787956,7.83906984375,1.3697916716337204,6.159891053040822,1.3333333333333333,ChristophMathias Mueller,0.0,0.0,0.0,0.0,0.0,0.0018287269929573298,0.0,0.0,0.0017170391239377677,0.0008864415292237744,0
17,Christoph RehmannSuter,m,Philosophie,Christoph RehmannSutter,0,0,315,0,0.0,0.0,0.0,0.0,0.0,0.0,0.0,0.0,0.0,0.0,0.0,0.0,0.0,0.0,0.0,0.0,0.0,0.0,0,0.0,0.0,0.0,0.0,0.0,0.0,0.0,0.0,0.0,0.0,0.0,0.0,Christoph RehmannSutter,0.0,0.0,0.0,0.0,0.0,0.001686689944960644,0.0,0.0,0.0,0.000421672486240161,0
18,Claudia Honegger,w,Soziologie,Claudia Honegger,0,0,161,0,0.0,0.0,0.0,0.0,0.0,0.0,0.0,0.0,0.0,0.0,0.0,0.0,0.0,0.0,0.0,0.0,0.0,0.0,0,0.0,0.0,0.0,0.0,0.0,0.0,0.0,0.0,0.0,0.0,0.0,0.0,Claudia Honegger,20.0,56.0,0.0,0.0,76.0,0.0007752855536485767,0.01075725406935598,0.0,0.0,0.0028831349057511393,0
19,Daniel Ryser,m,Literatur,Daniel Ryser,dnlrysr,0,93,0,0.0,0.0,0.0,0.0,0.0,0.0,0.0,0.0,0.0,0.0,0.0,0.0,0.0,0.0,0.0,0.0,0.0,0.0,0,2539.0,28.8,4412.071068931063,-0.203,0.32124570741891656,0.2549833373951428,2.7174115190972223,1.3048103228211403,2.757799375,1.2989874184131622,8.286428769979917,0.5,Daniel Ryser,29.0,41.0,0.0,0.0,70.0,0.0003728472509913002,0.009907997169143666,0.5293271608466013,0.178533250864015,0.1795353140326878,0
20,David Bosshardt,m,Philosophie,David Bosshart,0,0,30,0,0.0,0.0,0.0,0.0,0.0,0.0,0.0,0.0,0.0,0.0,0.0,0.0,0.0,0.0,0.0,0.0,0.0,0.0,0,0.0,0.0,0.0,0.0,0.0,0.0,0.0,0.0,0.0,0.0,0.0,0.0,David Bosshart,11.0,13.0,0.0,0.0,24.0,0.0,0.003397027600849257,0.0,0.0,0.0008492569002123143,0
21,Dieter Meier,m,Musik,Dieter Meier,yello_official,0,3350,0,0.0,0.0,0.0,0.0,0.0,0.0,0.0,0.0,0.0,0.0,0.0,0.0,0.0,0.0,0.0,0.0,0.0,0.0,0,509.0,5.642857142857143,32.214285714285715,-0.08571428571428572,0.7043871402931519,0.27444058284163475,11.049328666666668,1.05,10.468312762345677,1.148148152563307,6.037026830208608,2.5,Dieter Meier,97.0,103.0,0.0,0.0,200.0,0.019648458306208202,0.028308563340410473,0.8758143883459516,0.0021684915136319016,0.23148497537655052,0
22,Dirk Helbing,m,Soziologie,Dirk Helbing,DirkHelbing,0,2410,0,0.0,0.0,0.0,0.0,0.0,0.0,0.0,0.0,0.0,0.0,0.0,0.0,0.0,0.0,0.0,0.0,0.0,0.0,0,0.0,0.0,0.0,0.0,0.0,0.0,0.0,0.0,0.0,0.0,0.0,0.0,Dirk Helbing,25.0,54.0,0.0,0.0,79.0,0.014085340593004675,0.011181882519462137,0.6076794919243113,0.026922331286527643,0.16496726158082642,0
23,Eduard Käser,m,Philosophie,Eduard Kaeser,0,0,980,0,0.0,0.0,0.0,0.0,0.0,0.0,0.0,0.0,0.0,0.0,0.0,0.0,0.0,0.0,0.0,0.0,0.0,0.0,0,0.0,0.0,0.0,0.0,0.0,0.0,0.0,0.0,0.0,0.0,0.0,0.0,Eduard Kaeser,24.0,32.0,0.0,0.0,56.0,0.00562229981653548,0.007926397735314932,0.0,0.0,0.0033871743879626028,0
24,Elisabeth Bronfen,w,Literatur,Elisabeth Bronfen,0,0,1450,0,0.0,0.0,0.0,0.0,0.0,0.0,0.0,0.0,0.0,0.0,0.0,0.0,0.0,0.0,0.0,0.0,0.0,0.0,0,0.0,0.0,0.0,0.0,0.0,0.0,0.0,0.0,0.0,0.0,0.0,0.0,Elisabeth Bronfen,76.0,122.0,0.0,0.0,198.0,0.008403858673137244,0.02802547770700637,0.6671258565334371,0.0,0.1758887982283952,0
25,Endo Anaconda,m,Musik,Endo Anaconda,0,0,1190,0,0.0,0.0,0.0,0.0,0.0,0.0,0.0,0.0,0.0,0.0,0.0,0.0,0.0,0.0,0.0,0.0,0.0,0.0,0,0.0,0.0,0.0,0.0,0.0,0.0,0.0,0.0,0.0,0.0,0.0,0.0,Endo Anaconda,27.0,43.0,0.0,0.0,70.0,0.0068651239865064806,0.009907997169143666,0.8891421356237309,0.0,0.22647881419484525,0
26,Eva Presenhuber,w,Kunst,Eva Presenhuber,0,0,2080,0,0.0,0.0,0.0,0.0,0.0,0.0,0.0,0.0,0.0,0.0,0.0,0.0,0.0,0.0,0.0,0.0,0.0,0.0,0,0.0,0.0,0.0,0.0,0.0,0.0,0.0,0.0,0.0,0.0,0.0,0.0,Eva Presenhuber,2.0,0.0,0.0,0.0,2.0,0.012132331183050245,0.00028308563340410475,1.0,0.0,0.2531038542041136,1
27,Fanni Fetzer,w,Kunst,Fanni Fetzer,0,0,500,0,0.0,0.0,0.0,0.0,0.0,0.0,0.0,0.0,0.0,0.0,0.0,0.0,0.0,0.0,0.0,0.0,0.0,0.0,0,0.0,0.0,0.0,0.0,0.0,0.0,0.0,0.0,0.0,0.0,0.0,0.0,Fanni Fetzer,9.0,56.0,0.0,0.0,65.0,0.0027815588566017634,0.009200283085633405,0.9689148147845772,0.0,0.2452241641817031,1
28,Franco Ambrosetti,m,Musik,Franco Ambrosetti,0,0,2750,0,0.0,0.0,0.0,0.0,0.0,0.0,0.0,0.0,0.0,0.0,0.0,0.0,0.0,0.0,0.0,0.0,0.0,0.0,0,0.0,0.0,0.0,0.0,0.0,0.0,0.0,0.0,0.0,0.0,0.0,0.0,Franco Ambrosetti,119.0,101.0,0.0,1.0,270.0,0.016097532106291057,0.03821656050955414,0.8836602540378444,0.0,0.2344935866634224,0
29,Frank und Patrik Riklin,m,Kunst,Atelier für Sonderaufgaben,sonderaufgaben,0,1240,0,0.0,0.0,0.0,0.0,0.0,0.0,0.0,0.0,0.0,0.0,0.0,0.0,0.0,0.0,0.0,0.0,0.0,0.0,0,642.0,8.416666666666666,263.92118055555557,0.0,0.5460754982595513,0.23196765146413018,8.088357649997507,1.2713587684709518,8.557050630184673,1.2563432410247344,8.796063709962393,1.75,Atelier für Sonderaufgaben,6.0,39.0,0.0,0.0,45.0,0.007161034503166242,0.006369426751592357,0.9526851827409476,0.01163876285496404,0.24446360171266757,1
30,Güzin Kar,w,Film,Güzin Kar,Guzinkar,0,3700,0,0.0,0.0,0.0,0.0,0.0,0.0,0.0,0.0,0.0,0.0,0.0,0.0,0.0,0.0,0.0,0.0,0.0,0.0,0,0.0,0.0,0.0,0.0,0.0,0.0,0.0,0.0,0.0,0.0,0.0,0.0,Güzin Kar,54.0,36.0,0.0,1.0,140.0,0.021719831922826536,0.019815994338287332,0.8766048569251701,0.10719302773389909,0.25633342773004575,1
31,Hazel Brugger,w,Komiker,Hazel Brugger,hazelbrugger,ja,13900,0,0.0,0.0,0.0,0.0,0.0,0.0,0.0,0.0,0.0,0.0,0.0,0.0,0.0,0.0,0.0,0.0,0.0,0.0,1,310710.0,6.350710900473934,141.0448619574212,-0.02867298578199052,0.5162605598228305,0.22107261264188235,10.762295715015552,1.2770935448753091,13.944308718971628,1.2695446765803275,9.009502442044534,1.7246376811594204,Hazel Brugger,65.0,77.0,2.0,3.0,392.0,0.08208557732141801,0.05548478414720453,0.8432970510490547,0.13028787824322255,0.277788822690225,1
32,Irena Brezna,w,Literatur,Irena Brežná,0,0,762,0,0.0,0.0,0.0,0.0,0.0,0.0,0.0,0.0,0.0,0.0,0.0,0.0,0.0,0.0,0.0,0.0,0.0,0.0,0,0.0,0.0,0.0,0.0,0.0,0.0,0.0,0.0,0.0,0.0,0.0,0.0,Irena Brežná,21.0,34.0,0.0,0.0,55.0,0.004332129963898917,0.00778485491861288,0.0,0.0,0.0030292462206279493,0
33,Jacqueline Burkhardt,w,Kunst,Jacqueline Burckhardt,0,0,227,0,0.0,0.0,0.0,0.0,0.0,0.0,0.0,0.0,0.0,0.0,0.0,0.0,0.0,0.0,0.0,0.0,0.0,0.0,0,0.0,0.0,0.0,0.0,0.0,0.0,0.0,0.0,0.0,0.0,0.0,0.0,Jacqueline Burckhardt,18.0,64.0,0.0,0.0,82.0,0.0011658874356394627,0.011606510969568294,0.0,0.0,0.0031930996013019393,0
34,Jaques Herzog,m,Architektur,Herzog & de Meuron,HerzogdeMeuron,0,111,0,0.0,0.0,0.0,0.0,0.0,0.0,0.0,0.0,0.0,0.0,0.0,0.0,0.0,0.0,0.0,0.0,0.0,0.0,0,0.0,0.0,0.0,0.0,0.0,0.0,0.0,0.0,0.0,0.0,0.0,0.0,Herzog & de Meuron,249.0,176.0,0.0,0.0,425.0,0.00047937503698881456,0.060155697098372256,0.0,0.0103588546182225,0.017748481688395892,0
35,Jean Ziegler,m,Soziologie,Jean Ziegler,0,0,8780,0,0.0,0.0,0.0,0.0,0.0,0.0,0.0,0.0,0.0,0.0,0.0,0.0,0.0,0.0,0.0,0.0,0.0,0.0,0,0.0,0.0,0.0,0.0,0.0,0.0,0.0,0.0,0.0,0.0,0.0,0.0,Jean Ziegler,237.0,165.0,0.0,1.0,452.0,0.05178434041545837,0.06397735314932768,0.7876513228721654,0.0,0.22585325410923787,0
36,Jessica Jurassica,w,Musik,0,sickbutsocial,0,1520,0,0.0,0.0,0.0,0.0,0.0,0.0,0.0,0.0,0.0,0.0,0.0,0.0,0.0,0.0,0.0,0.0,0.0,0.0,0,1942.0,14.69767441860465,1557.5500000000002,-0.00372093023255814,0.37537147327131776,0.23853387739162282,2.183065939899503,1.2905134573215389,2.316278742232281,1.3152827379249392,9.505793049247245,2.1025641025641026,0,0.0,0.0,0.0,0.0,0.0,0.00881813339646091,0.0,0.8093647677210297,0.06404644259519124,0.22055733592817045,0
37,Jonas Lüscher,m,Literatur,Jonas Lüscher,0,0,1420,0,0.0,0.0,0.0,0.0,0.0,0.0,0.0,0.0,0.0,0.0,0.0,0.0,0.0,0.0,0.0,0.0,0.0,0.0,0,0.0,0.0,0.0,0.0,0.0,0.0,0.0,0.0,0.0,0.0,0.0,0.0,Jonas Lüscher,45.0,67.0,0.0,2.0,212.0,0.008226312363141386,0.030007077140835104,0.8673950862837392,0.0,0.22640711894692891,0
38,Jörg Scheller,m,Kunst,Jörg Scheller,joergscheller1,0,8400,0,0.0,0.0,0.0,0.0,0.0,0.0,0.0,0.0,0.0,0.0,0.0,0.0,0.0,0.0,0.0,0.0,0.0,0.0,0,4140.0,24.96,4243.691959318458,-0.5144,0.32095538034386456,0.22671607290992646,2.007401597360009,1.1277077160184343,2.5057618712515786,1.2518172277645632,9.59321828767752,0.45652173913043476,Jörg Scheller,43.0,74.0,0.0,4.0,317.0,0.04953542048884417,0.0448690728945506,0.7998847876177115,0.17235433505670564,0.26666090401445297,1
39,Jürg Halter,m,Literatur,Jürg Halter,halterjuerg,0,1460,0,0.0,0.0,0.0,0.0,0.0,0.0,0.0,0.0,0.0,0.0,0.0,0.0,0.0,0.0,0.0,0.0,0.0,0.0,0,5807.0,8.025773195876289,335.62373575736973,-0.006701030927835054,0.41235792572729435,0.2262693524282998,12.115589937463636,1.3163011462588585,8.627734620428047,1.3054709015665829,9.70543141933975,1.9473684210526316,Jürg Halter,33.0,45.0,0.0,1.0,128.0,0.008463040776469196,0.018117480537862704,0.8043888155964717,0.016575819560003945,0.21188628911770188,0
40,Kathleen Bühler,w,Kunst,0,0,0,408,0,0.0,0.0,0.0,0.0,0.0,0.0,0.0,0.0,0.0,0.0,0.0,0.0,0.0,0.0,0.0,0.0,0.0,0.0,0,0.0,0.0,0.0,0.0,0.0,0.0,0.0,0.0,0.0,0.0,0.0,0.0,0,0.0,0.0,0.0,0.0,0.0,0.0022370835059478014,0.0,1.0,0.0,0.25055927087648694,1
41,Katja Früh,w,Theater,Katja Früh,0,0,549,0,0.0,0.0,0.0,0.0,0.0,0.0,0.0,0.0,0.0,0.0,0.0,0.0,0.0,0.0,0.0,0.0,0.0,0.0,0,0.0,0.0,0.0,0.0,0.0,0.0,0.0,0.0,0.0,0.0,0.0,0.0,Katja Früh,29.0,34.0,0.0,0.0,63.0,0.0030715511629283306,0.008917197452229299,0.7392161000147851,0.0,0.1878012121574857,0
42,Katja Gentinetta,w,Philosophie,Katja Gentinetta,KGentinetta,0,440,0,0.0,0.0,0.0,0.0,0.0,0.0,0.0,0.0,0.0,0.0,0.0,0.0,0.0,0.0,0.0,0.0,0.0,0.0,0,0.0,0.0,0.0,0.0,0.0,0.0,0.0,0.0,0.0,0.0,0.0,0.0,Katja Gentinetta,16.0,38.0,0.0,0.0,54.0,0.002426466236610049,0.007643312101910828,0.88326375980955,0.0076596744220771475,0.225248303142537,0
43,Katja Rost,w,Soziologie,Katja Rost,katja_rost,0,519,0,0.0,0.0,0.0,0.0,0.0,0.0,0.0,0.0,0.0,0.0,0.0,0.0,0.0,0.0,0.0,0.0,0.0,0.0,0,515.0,10.18421052631579,672.7232456140352,-0.0009210526315789475,0.5250684071185767,0.2301123750569552,11.173261466455395,1.2861334585091646,10.789703703792732,1.2813972748242892,8.803116624625497,1.7777777777777777,Katja Rost,6.0,26.0,0.0,0.0,32.0,0.0028940048529324733,0.004529370134465676,0.7331793044385867,0.027955390128612822,0.19213951738864943,0
44,Knackeboul,m,Musik,Knackeboul,Knackeboul,0,1880,0,0.0,0.0,0.0,0.0,0.0,0.0,0.0,0.0,0.0,0.0,0.0,0.0,0.0,0.0,0.0,0.0,0.0,0.0,0,0.0,0.0,0.0,0.0,0.0,0.0,0.0,0.0,0.0,0.0,0.0,0.0,Knackeboul,38.0,36.0,0.0,2.0,174.0,0.010948689116411198,0.024628450106157114,0.7988220021288099,0.1339858354968267,0.24209624421205123,1
45,Lara Stoll,w,Satire,Lara Stoll,0,0,2680,0,0.0,0.0,0.0,0.0,0.0,0.0,0.0,0.0,0.0,0.0,0.0,0.0,0.0,0.0,0.0,0.0,0.0,0.0,0,0.0,0.0,0.0,0.0,0.0,0.0,0.0,0.0,0.0,0.0,0.0,0.0,Lara Stoll,23.0,37.0,1.0,1.0,160.0,0.01568325738296739,0.02264685067232838,0.0,0.0,0.009582527013823942,0
46,Lena Lisa Wüstendörfer,w,Musik,LenaLisa Wüstendörfer,0,0,377,0,0.0,0.0,0.0,0.0,0.0,0.0,0.0,0.0,0.0,0.0,0.0,0.0,0.0,0.0,0.0,0.0,0.0,0.0,0,0.0,0.0,0.0,0.0,0.0,0.0,0.0,0.0,0.0,0.0,0.0,0.0,LenaLisa Wüstendörfer,0.0,0.0,0.0,0.0,0.0,0.002053618985618749,0.0,0.0,0.0,0.0005134047464046873,0
47,Lorenz Häberli,m,Musik,Lo & Leduc,LoLeduc,0,2770,"(für ""Lo & Leduc"", sonst 140)",0.0,0.0,0.0,0.0,0.0,0.0,0.0,0.0,0.0,0.0,0.0,0.0,0.0,0.0,0.0,0.0,0.0,0.0,0,0.0,0.0,0.0,0.0,0.0,0.0,0.0,0.0,0.0,0.0,0.0,0.0,Lo & Leduc,56.0,34.0,0.0,0.0,90.0,0.01621589631295496,0.012738853503184714,0.0,0.0025686720946065215,0.00788085547768655,0
49,Luc Oggier (von Lu & Leduc),m,Musik,Lo & Leduc,LoLeduc,0,2770,"(für ""Lo & Leduc"", sonst 140)",0.0,0.0,0.0,0.0,0.0,0.0,0.0,0.0,0.0,0.0,0.0,0.0,0.0,0.0,0.0,0.0,0.0,0.0,0,0.0,0.0,0.0,0.0,0.0,0.0,0.0,0.0,0.0,0.0,0.0,0.0,Lo & Leduc,56.0,34.0,0.0,0.0,90.0,0.01621589631295496,0.012738853503184714,0.0,0.0025686720946065215,0.00788085547768655,0
51,Ludwig Hasler,m,Philosophie,Ludwig Hasler,LudwigHasler,0,462,Hat noch nichts getwittert!,0.0,0.0,0.0,0.0,0.0,0.0,0.0,0.0,0.0,0.0,0.0,0.0,0.0,0.0,0.0,0.0,0.0,0.0,0,0.0,0.0,0.0,0.0,0.0,0.0,0.0,0.0,0.0,0.0,0.0,0.0,Ludwig Hasler,10.0,27.0,0.0,0.0,37.0,0.0025566668639403446,0.005237084217975938,0.8512092072632591,0.0,0.21475073958629384,0
52,Lukas Bärfuss,m,Literatur,Lukas Bärfuss,0,0,4030,0,0.0,0.0,0.0,0.0,0.0,0.0,0.0,0.0,0.0,0.0,0.0,0.0,0.0,0.0,0.0,0.0,0.0,0.0,0,0.0,0.0,0.0,0.0,0.0,0.0,0.0,0.0,0.0,0.0,0.0,0.0,Lukas Bärfuss,164.0,120.0,0.0,4.0,484.0,0.023672841332780966,0.06850672328379334,0.7931165683940083,0.0,0.22132403325264566,0
53,Madeleine Schuppli,w,Kunst,Madeleine Schuppli,0,0,290,0,0.0,0.0,0.0,0.0,0.0,0.0,0.0,0.0,0.0,0.0,0.0,0.0,0.0,0.0,0.0,0.0,0.0,0.0,0,0.0,0.0,0.0,0.0,0.0,0.0,0.0,0.0,0.0,0.0,0.0,0.0,Madeleine Schuppli,8.0,36.0,0.0,0.0,44.0,0.0015387346866307628,0.006227883934890304,1.0,0.0,0.25194165465538026,1
54,MaiThu Perret,w,Kunst,0,0,0,1740,0,0.0,0.0,0.0,0.0,0.0,0.0,0.0,0.0,0.0,0.0,0.0,0.0,0.0,0.0,0.0,0.0,0.0,0.0,0,0.0,0.0,0.0,0.0,0.0,0.0,0.0,0.0,0.0,0.0,0.0,0.0,0,0.0,0.0,0.0,0.0,0.0,0.010120139669763863,0.0,0.0,0.0,0.0025300349174409657,0
55,Manon,w,Kunst,Manon (Künstlerin),0,0,1310,0,0.0,0.0,0.0,0.0,0.0,0.0,0.0,0.0,0.0,0.0,0.0,0.0,0.0,0.0,0.0,0.0,0.0,0.0,0,0.0,0.0,0.0,0.0,0.0,0.0,0.0,0.0,0.0,0.0,0.0,0.0,Manon (Künstlerin),12.0,28.0,0.0,0.0,40.0,0.00757530922648991,0.005661712668082095,0.8865278451459958,0.0,0.22494121676014195,0
56,Manuel Stahlberger,m,Musik,Manuel Stahlberger,0,0,1110,0,0.0,0.0,0.0,0.0,0.0,0.0,0.0,0.0,0.0,0.0,0.0,0.0,0.0,0.0,0.0,0.0,0.0,0.0,0,0.0,0.0,0.0,0.0,0.0,0.0,0.0,0.0,0.0,0.0,0.0,0.0,Manuel Stahlberger,18.0,22.0,1.0,0.0,90.0,0.006391667159850861,0.012738853503184714,0.796095023109729,0.0,0.20380638594319114,0
57,Mario Botta,m,Architektur,Mario Botta,0,0,26100,0,0.0,0.0,0.0,0.0,0.0,0.0,0.0,0.0,0.0,0.0,0.0,0.0,0.0,0.0,0.0,0.0,0.0,0.0,0,0.0,0.0,0.0,0.0,0.0,0.0,0.0,0.0,0.0,0.0,0.0,0.0,Mario Botta,197.0,109.0,0.0,0.0,306.0,0.15428774338639994,0.04331210191082802,0.9236771804723788,0.0,0.2803192564424017,1
58,Marisa Godoy,w,Tanz,0,0,0,233,0,0.0,0.0,0.0,0.0,0.0,0.0,0.0,0.0,0.0,0.0,0.0,0.0,0.0,0.0,0.0,0.0,0.0,0.0,0,0.0,0.0,0.0,0.0,0.0,0.0,0.0,0.0,0.0,0.0,0.0,0.0,0,0.0,0.0,0.0,0.0,0.0,0.0012013966976386341,0.0,0.0,0.0,0.00030034917440965853,0
59,Marko Kovic,m,Soziologie,0,marko_kovic,0,253,0,0.0,0.0,0.0,0.0,0.0,0.0,0.0,0.0,0.0,0.0,0.0,0.0,0.0,0.0,0.0,0.0,0.0,0.0,0,907.0,6.927152317880795,163.72328918322296,-0.005066225165562914,0.5083993259609128,0.24833193124441685,11.59062815886092,1.2740132047199244,12.585098676235368,1.2855262692327853,7.953736474103859,1.8926174496644295,0,0.0,0.0,0.0,0.0,0.0,0.001319760904302539,0.0,0.7963369923205446,0.0076572508403812455,0.2013285010163071,0
60,Martin Meyer,m,Literatur,Martin Meyer (Publizist),0,0,14900,0,0.0,0.0,0.0,0.0,0.0,0.0,0.0,0.0,0.0,0.0,0.0,0.0,0.0,0.0,0.0,0.0,0.0,0.0,0,0.0,0.0,0.0,0.0,0.0,0.0,0.0,0.0,0.0,0.0,0.0,0.0,Martin Meyer (Publizist),42.0,41.0,0.0,0.0,83.0,0.08800378765461324,0.011748053786270347,0.8324378617216937,0.0,0.2330474257906443,0
61,Martin R. Dean,m,Literatur,Martin R. Dean,MrdeanR,0,1070,0,0.0,0.0,0.0,0.0,0.0,0.0,0.0,0.0,0.0,0.0,0.0,0.0,0.0,0.0,0.0,0.0,0.0,0.0,0,0.0,0.0,0.0,0.0,0.0,0.0,0.0,0.0,0.0,0.0,0.0,0.0,Martin R. Dean,26.0,47.0,0.0,0.0,73.0,0.006154938746523051,0.010332625619249823,0.8016405219149308,0.0,0.20453202157017594,0
62,Melinda Nadj Abonji,w,Literatur,Melinda Nadj Abonji,0,0,1210,0,0.0,0.0,0.0,0.0,0.0,0.0,0.0,0.0,0.0,0.0,0.0,0.0,0.0,0.0,0.0,0.0,0.0,0.0,0,0.0,0.0,0.0,0.0,0.0,0.0,0.0,0.0,0.0,0.0,0.0,0.0,Melinda Nadj Abonji,56.0,63.0,0.0,0.0,119.0,0.0069834881931703854,0.016843595187544233,0.8330782188787857,0.0,0.2142263255648751,0
63,Michael Haefliger,m,Musik,Michael Haefliger,mhaefliger,0,402,0,0.0,0.0,0.0,0.0,0.0,0.0,0.0,0.0,0.0,0.0,0.0,0.0,0.0,0.0,0.0,0.0,0.0,0.0,0,518.0,11.646706586826348,478.74580363083345,0.0,0.6297904617750046,0.2335234983307241,6.3250549707785275,1.2820229248970931,5.78836132984552,1.326787882036977,7.114117997040176,1.9570552147239264,Michael Haefliger,10.0,26.0,0.0,0.0,36.0,0.00220157424394863,0.005095541401273885,0.9351242283656584,0.02022979401451104,0.240662784506348,0
64,Mickry 3,w,Kunst,0,0,0,218,0,0.0,0.0,0.0,0.0,0.0,0.0,0.0,0.0,0.0,0.0,0.0,0.0,0.0,0.0,0.0,0.0,0.0,0.0,0,0.0,0.0,0.0,0.0,0.0,0.0,0.0,0.0,0.0,0.0,0.0,0.0,0,0.0,0.0,0.0,0.0,0.0,0.0011126235426407055,0.0,0.0,0.0,0.00027815588566017636,0
65,Milena Moser,w,Literatur,Milena Moser,0,0,1120,0,0.0,0.0,0.0,0.0,0.0,0.0,0.0,0.0,0.0,0.0,0.0,0.0,0.0,0.0,0.0,0.0,0.0,0.0,0,0.0,0.0,0.0,0.0,0.0,0.0,0.0,0.0,0.0,0.0,0.0,0.0,Milena Moser,30.0,28.0,0.0,0.0,58.0,0.006450849263182814,0.008209483368719038,0.8537011338904276,0.0,0.21709036663058234,0
66,Milo Rau,m,Theater,Milo Rau,0,0,10500,0,0.0,0.0,0.0,0.0,0.0,0.0,0.0,0.0,0.0,0.0,0.0,0.0,0.0,0.0,0.0,0.0,0.0,0.0,0,0.0,0.0,0.0,0.0,0.0,0.0,0.0,0.0,0.0,0.0,0.0,0.0,Milo Rau,91.0,133.0,0.0,9.0,674.0,0.06196366218855418,0.0953998584571833,0.8745706999892356,0.0,0.25798355515874327,1
67,Miriam Cahn,w,Kunst,Miriam Cahn,0,0,4210,0,0.0,0.0,0.0,0.0,0.0,0.0,0.0,0.0,0.0,0.0,0.0,0.0,0.0,0.0,0.0,0.0,0.0,0.0,0,0.0,0.0,0.0,0.0,0.0,0.0,0.0,0.0,0.0,0.0,0.0,0.0,Miriam Cahn,40.0,86.0,0.0,0.0,126.0,0.02473811919275611,0.017834394904458598,0.8186299744424448,0.0,0.21530062213491488,0
68,Miriam Meckel,w,Medien,Miriam Meckel,mmeckel,ja,1810,0,0.0,0.0,0.0,0.0,0.0,0.0,0.0,0.0,0.0,0.0,0.0,0.0,0.0,0.0,0.0,0.0,0.0,0.0,1,54272.0,16.444444444444443,1426.4264550264552,-0.1528395061728395,0.521589134946287,0.24283169124562445,7.197844609720731,1.3138887838405722,6.961446703099054,1.3228388480518176,7.7927582217050535,1.8311688311688312,Miriam Meckel,102.0,63.0,0.0,0.0,165.0,0.01053441439308753,0.02335456475583864,0.9148770119025624,0.07964885125656272,0.2571037105770128,1
69,Oliver Bendel,m,Philosophie,Oliver Bendel,0,0,726,0,0.0,0.0,0.0,0.0,0.0,0.0,0.0,0.0,0.0,0.0,0.0,0.0,0.0,0.0,0.0,0.0,0.0,0.0,0,0.0,0.0,0.0,0.0,0.0,0.0,0.0,0.0,0.0,0.0,0.0,0.0,Oliver Bendel,17.0,30.0,0.0,0.0,47.0,0.004119074391903888,0.006652512384996461,0.5,0.0,0.1276928966942251,0
70,Patricia Kopatchinskaja ,w,Musik,Patricia Kopatchinskaja ,PatKopViolin,0,9690,0,0.0,0.0,0.0,0.0,0.0,0.0,0.0,0.0,0.0,0.0,0.0,0.0,0.0,0.0,0.0,0.0,0.0,0.0,0,0.0,0.0,0.0,0.0,0.0,0.0,0.0,0.0,0.0,0.0,0.0,0.0,Patricia Kopatchinskaja ,67.0,136.0,1.0,0.0,253.0,0.057169911818666035,0.03581033262561925,0.0,0.00232693895139989,0.023826795848921296,0
71,Patrick Rohr,m,Fotograf,Patrick Rohr,_patrickrohr,0,1410,0,0.0,0.0,0.0,0.0,0.0,0.0,0.0,0.0,0.0,0.0,0.0,0.0,0.0,0.0,0.0,0.0,0.0,0.0,0,3392.0,6.963235294117647,141.25367647058823,-0.01566176470588235,0.5268965995889493,0.24439528294801185,8.717354694811053,1.225653475928075,4.668739058110509,1.194768066427349,8.054342757176821,2.1515151515151514,Patrick Rohr,25.0,29.0,0.0,1.0,104.0,0.008167130259809434,0.014720452937013446,0.7960707913262999,0.007778188606479351,0.20668414078240055,0
72,Patti Basler,w,Satire,Patti Basler,PattiBasler,0,1750,0,0.0,0.0,0.0,0.0,0.0,0.0,0.0,0.0,0.0,0.0,0.0,0.0,0.0,0.0,0.0,0.0,0.0,0.0,0,0.0,0.0,0.0,0.0,0.0,0.0,0.0,0.0,0.0,0.0,0.0,0.0,Patti Basler,14.0,29.0,0.0,0.0,43.0,0.010179321773095816,0.006086341118188252,0.7273861278752582,0.0766899757326085,0.2050854416247877,0
73,Peach Weber,m,Komiker,Peach Weber,PeachWeber,0,3840,0,0.0,0.0,0.0,0.0,0.0,0.0,0.0,0.0,0.0,0.0,0.0,0.0,0.0,0.0,0.0,0.0,0.0,0.0,0,0.0,0.0,0.0,0.0,0.0,0.0,0.0,0.0,0.0,0.0,0.0,0.0,Peach Weber,20.0,21.0,0.0,1.0,91.0,0.02254838136947387,0.012880396319886765,0.8255097278671965,0.0021844644884132184,0.21578074251124257,0
74,Pedro Lenz,m,Literatur,Pedro Lenz,pedrolenz,0,4240,Hat noch nichts getwittert!,0.0,0.0,0.0,0.0,0.0,0.0,0.0,0.0,0.0,0.0,0.0,0.0,0.0,0.0,0.0,0.0,0.0,0.0,0,0.0,1.0,0.0,-1.0,0.0,0.0,0.0,0.0,0.0,0.0,0.0,0.0,Pedro Lenz,64.0,49.0,0.0,2.0,213.0,0.02491566550275197,0.030148619957537155,0.8477151184720799,0.0,0.22569485098309225,0
75,Peter Bichsel,m,Literatur,Peter Bichsel,0,0,2560,0,0.0,0.0,0.0,0.0,0.0,0.0,0.0,0.0,0.0,0.0,0.0,0.0,0.0,0.0,0.0,0.0,0.0,0.0,0,0.0,0.0,0.0,0.0,0.0,0.0,0.0,0.0,0.0,0.0,0.0,0.0,Peter Bichsel,190.0,94.0,0.0,1.0,334.0,0.014973072142983962,0.04727530077848549,0.8322463337189965,0.0,0.22362367666011648,0
76,Peter Bieri,m,Philosophie/ Literatur,Peter Bieri,0,0,1440,0,0.0,0.0,0.0,0.0,0.0,0.0,0.0,0.0,0.0,0.0,0.0,0.0,0.0,0.0,0.0,0.0,0.0,0.0,0,0.0,0.0,0.0,0.0,0.0,0.0,0.0,0.0,0.0,0.0,0.0,0.0,Peter Bieri,136.0,70.0,0.0,2.0,306.0,0.00834467656980529,0.04331210191082802,0.0,0.0,0.012914194620158328,0
77,Peter Stamm,m,Literatur,Peter Stamm,0,0,5370,0,0.0,0.0,0.0,0.0,0.0,0.0,0.0,0.0,0.0,0.0,0.0,0.0,0.0,0.0,0.0,0.0,0.0,0.0,0,0.0,0.0,0.0,0.0,0.0,0.0,0.0,0.0,0.0,0.0,0.0,0.0,Peter Stamm,147.0,109.0,0.0,1.0,306.0,0.031603243179262594,0.04331210191082802,0.0,0.0,0.018728836272522656,0
78,Peter von Matt,m,Literatur,Peter von Matt,0,0,2070,0,0.0,0.0,0.0,0.0,0.0,0.0,0.0,0.0,0.0,0.0,0.0,0.0,0.0,0.0,0.0,0.0,0.0,0.0,0,0.0,0.0,0.0,0.0,0.0,0.0,0.0,0.0,0.0,0.0,0.0,0.0,Peter von Matt,179.0,62.0,0.0,0.0,241.0,0.012073149079718293,0.03411181882519462,0.0,0.0,0.011546241976228229,0
79,Petra Volpe,w,Film,Petra Volpe,PetraVolpe,0,1320,0,0.0,0.0,0.0,0.0,0.0,0.0,0.0,0.0,0.0,0.0,0.0,0.0,0.0,0.0,0.0,0.0,0.0,0.0,0,0.0,0.0,0.0,0.0,0.0,0.0,0.0,0.0,0.0,0.0,0.0,0.0,Petra Volpe,48.0,31.0,1.0,1.0,179.0,0.007634491329821862,0.025336164189667373,0.7808220700148448,0.004452693505994708,0.2045613547600822,0
80,Philip Ursprung,m,Geschichte,Philip Ursprung,0,0,1460,0,0.0,0.0,0.0,0.0,0.0,0.0,0.0,0.0,0.0,0.0,0.0,0.0,0.0,0.0,0.0,0.0,0.0,0.0,0,0.0,0.0,0.0,0.0,0.0,0.0,0.0,0.0,0.0,0.0,0.0,0.0,Philip Ursprung,20.0,26.0,0.0,1.0,96.0,0.008463040776469196,0.013588110403397028,0.0,0.0,0.005512787794966556,0
81,Philipp Sarasin,m,Geschichte,Philipp Sarasin,Philipp_Sarasin,0,2110,0,0.0,0.0,0.0,0.0,0.0,0.0,0.0,0.0,0.0,0.0,0.0,0.0,0.0,0.0,0.0,0.0,0.0,0.0,0,0.0,0.0,0.0,0.0,0.0,0.0,0.0,0.0,0.0,0.0,0.0,0.0,Philipp Sarasin,71.0,34.0,0.0,1.0,155.0,0.012309877493046103,0.021939136588818117,0.8297811164527205,0.10904306998576686,0.24326830013008788,1
82,Pipilotti Rist,w,Kunst,Pipilotti Rist,0,0,6980,0,0.0,0.0,0.0,0.0,0.0,0.0,0.0,0.0,0.0,0.0,0.0,0.0,0.0,0.0,0.0,0.0,0.0,0.0,0,0.0,0.0,0.0,0.0,0.0,0.0,0.0,0.0,0.0,0.0,0.0,0.0,Pipilotti Rist,147.0,112.0,0.0,0.0,259.0,0.04113156181570693,0.036659589525831565,0.0,0.0,0.019447787835384624,0
83,Regula Stämpfli,w,Politologie,Regula Stämpfli,laStaempfli,0,647,0,0.0,0.0,0.0,0.0,0.0,0.0,0.0,0.0,0.0,0.0,0.0,0.0,0.0,0.0,0.0,0.0,0.0,0.0,0,0.0,0.0,0.0,0.0,0.0,0.0,0.0,0.0,0.0,0.0,0.0,0.0,Regula Stämpfli,37.0,47.0,0.0,0.0,84.0,0.003651535775581464,0.0118895966029724,0.25,0.46152803310889345,0.18176729137186182,0
84,Rolf Dobelli,m,Literatur,Rolf Dobelli,dobelli,0,11500,0,0.0,0.0,0.0,0.0,0.0,0.0,0.0,0.0,0.0,0.0,0.0,0.0,0.0,0.0,0.0,0.0,0.0,0.0,0,0.0,2.0,0.0,-1.0,0.0,0.0,0.0,0.0,0.0,0.0,0.0,0.0,Rolf Dobelli,38.0,62.0,0.0,0.0,100.0,0.06788187252174942,0.014154281670205236,0.861217812328897,0.0,0.23581349163021292,0
85,Ruth Schweikert,w,Literatur,Ruth Schweikert,0,0,638,0,0.0,0.0,0.0,0.0,0.0,0.0,0.0,0.0,0.0,0.0,0.0,0.0,0.0,0.0,0.0,0.0,0.0,0.0,0,0.0,0.0,0.0,0.0,0.0,0.0,0.0,0.0,0.0,0.0,0.0,0.0,Ruth Schweikert,41.0,51.0,0.0,0.0,92.0,0.003598271882582707,0.013021939136588818,0.9024933839737372,0.0,0.2297783987482272,0
86,Sibylle Berg,w,Literatur,Sibylle Berg,SibylleBerg,ja,7770,0,0.0,0.0,0.0,0.0,0.0,0.0,0.0,0.0,0.0,0.0,0.0,0.0,0.0,0.0,0.0,0.0,0.0,0.0,1,0.0,0.0,0.0,0.0,0.0,0.0,0.0,0.0,0.0,0.0,0.0,0.0,Sibylle Berg,264.0,187.0,3.0,6.0,901.0,0.04580694797893117,0.1275300778485492,0.7669702293864187,0.14119002323180133,0.2703743196114251,1
87,Sylvie Fleury,w,Kunst,Sylvie Fleury,0,0,4650,0,0.0,0.0,0.0,0.0,0.0,0.0,0.0,0.0,0.0,0.0,0.0,0.0,0.0,0.0,0.0,0.0,0.0,0.0,0,0.0,0.0,0.0,0.0,0.0,0.0,0.0,0.0,0.0,0.0,0.0,0.0,Sylvie Fleury,45.0,57.0,0.0,0.0,102.0,0.027342131739362018,0.014437367303609342,0.0,0.0,0.01044487476074284,0
88,Sophie Hunger,w,Musik,Sophie Hunger,SophieHunger,ja,15300,0,0.0,0.0,0.0,0.0,0.0,0.0,0.0,0.0,0.0,0.0,0.0,0.0,0.0,0.0,0.0,0.0,0.0,0.0,1,0.0,0.0,0.0,0.0,0.0,0.0,0.0,0.0,0.0,0.0,0.0,0.0,Sophie Hunger,129.0,129.0,0.0,1.0,308.0,0.09037107178789135,0.04359518754423213,0.625,0.016784989930554193,0.19393781231566942,0
89,Steff la Cheffe,w,Musik,Steff la Cheffe,0,0,1720,0,0.0,0.0,0.0,0.0,0.0,0.0,0.0,0.0,0.0,0.0,0.0,0.0,0.0,0.0,0.0,0.0,0.0,0.0,0,0.0,0.0,0.0,0.0,0.0,0.0,0.0,0.0,0.0,0.0,0.0,0.0,Steff la Cheffe,56.0,35.0,0.0,1.0,141.0,0.010001775463099959,0.019957537154989383,0.8567839104878988,0.0,0.22168580577649705,0
90,Stephan Eicher,m,Musik,Stephan Eicher,stephaneicher1,0,8780,0,0.0,0.0,0.0,0.0,0.0,0.0,0.0,0.0,0.0,0.0,0.0,0.0,0.0,0.0,0.0,0.0,0.0,0.0,0,0.0,0.0,0.0,0.0,0.0,0.0,0.0,0.0,0.0,0.0,0.0,0.0,Stephan Eicher,138.0,85.0,0.0,0.0,223.0,0.05178434041545837,0.03156404812455768,0.6591097514179294,0.0,0.18561453498948635,0
91,Stress,m,Musik,Stress (Musiker),stressmusic,0,334,gsr für Andres Andrekson,0.0,0.0,0.0,0.0,0.0,0.0,0.0,0.0,0.0,0.0,0.0,0.0,0.0,0.0,0.0,0.0,0.0,0.0,0,6945.0,5.566326530612245,15.153061224489797,-0.0010204081632653062,0.7267310160291582,0.26263683885403033,9.82052495307986,1.2981234017960326,9.33525694418964,1.3030904476353198,6.234485880675716,1.5625,Stress (Musiker),111.0,64.0,0.0,0.0,175.0,0.0017991359412913536,0.024769992922859165,0.0,0.004015142058535004,0.0076460677306713805,0
92,Thomas Hürlimann,m,Literatur,Thomas Hürlimann,0,0,1570,0,0.0,0.0,0.0,0.0,0.0,0.0,0.0,0.0,0.0,0.0,0.0,0.0,0.0,0.0,0.0,0.0,0.0,0.0,0,0.0,0.0,0.0,0.0,0.0,0.0,0.0,0.0,0.0,0.0,0.0,0.0,Thomas Hürlimann,144.0,111.0,1.0,1.0,355.0,0.009114043913120672,0.05024769992922859,0.8472722919138834,0.0,0.22665850893905817,0
93,Thomas Maissen,m,Geschichte,Thomas Maissen,0,0,683,0,0.0,0.0,0.0,0.0,0.0,0.0,0.0,0.0,0.0,0.0,0.0,0.0,0.0,0.0,0.0,0.0,0.0,0.0,0,0.0,0.0,0.0,0.0,0.0,0.0,0.0,0.0,0.0,0.0,0.0,0.0,Thomas Maissen,98.0,80.0,0.0,0.0,178.0,0.003864591347576493,0.025194621372965322,0.8306134493919795,0.0,0.2149181655281303,0
94,Thomas Strässle,m,Literatur,Thomas Strässle,0,0,452,0,0.0,0.0,0.0,0.0,0.0,0.0,0.0,0.0,0.0,0.0,0.0,0.0,0.0,0.0,0.0,0.0,0.0,0.0,0,0.0,0.0,0.0,0.0,0.0,0.0,0.0,0.0,0.0,0.0,0.0,0.0,Thomas Strässle,22.0,56.0,0.0,0.0,78.0,0.002497484760608392,0.011040339702760084,0.8392302494707576,0.0,0.21319201848353153,0
95,Thomas Straumann,m,Geschichte,Straumann (Unternehmen),straumann,ja,466,Einmal bitte Nachprüfen!!!,0.0,0.0,0.0,0.0,0.0,0.0,0.0,0.0,0.0,0.0,0.0,0.0,0.0,0.0,0.0,0.0,0.0,0.0,1,11947.0,5.117647058823529,30.189542483660126,0.0,0.7717587849361343,0.22178894823530915,7.414903712590941,1.2408596589451744,6.201213007544581,1.2134528778217457,6.218835176824899,1.2653061224489797,Straumann (Unternehmen),85.0,105.0,0.0,0.0,190.0,0.0025803397052731256,0.02689313517338995,0.9024933839737372,0.006586055517160275,0.23463822859239014,0
96,Tom Fischer,m,Musik,Thomas Gabriel Fischer,TomGWarrior,0,252,"""Thomas Gabriel Fischer"" mit diesem Namen gesucht!",0.0,0.0,0.0,0.0,0.0,0.0,0.0,0.0,0.0,0.0,0.0,0.0,0.0,0.0,0.0,0.0,0.0,0.0,0,0.0,0.0,0.0,0.0,0.0,0.0,0.0,0.0,0.0,0.0,0.0,0.0,Thomas Gabriel Fischer,41.0,29.0,0.0,0.0,70.0,0.0013138426939693438,0.009907997169143666,0.8207915619758885,0.005424504369851072,0.20935947655221315,0
97,Tommy Vercetti,m,Musik,Tommy Vercetti,Vercetti_031,0,19700,0,0.0,0.0,0.0,0.0,0.0,0.0,0.0,0.0,0.0,0.0,0.0,0.0,0.0,0.0,0.0,0.0,0.0,0.0,0,0.0,0.0,0.0,0.0,0.0,0.0,0.0,0.0,0.0,0.0,0.0,0.0,Tommy Vercetti,23.0,29.0,0.0,0.0,52.0,0.11641119725395041,0.007360226468506723,0.9205285883545072,0.0016796632279197407,0.261494918826221,1
98,Ueli Mäder,m,Soziologie,Ueli Mäder,0,0,610,0,0.0,0.0,0.0,0.0,0.0,0.0,0.0,0.0,0.0,0.0,0.0,0.0,0.0,0.0,0.0,0.0,0.0,0.0,0,0.0,0.0,0.0,0.0,0.0,0.0,0.0,0.0,0.0,0.0,0.0,0.0,Ueli Mäder,19.0,34.0,0.0,0.0,53.0,0.0034325619932532403,0.007501769285208776,0.887747548783982,0.0,0.224670470015611,0
99,Ursula Hauser,w,Kunst,0,0,0,816,0,0.0,0.0,0.0,0.0,0.0,0.0,0.0,0.0,0.0,0.0,0.0,0.0,0.0,0.0,0.0,0.0,0.0,0.0,0,0.0,0.0,0.0,0.0,0.0,0.0,0.0,0.0,0.0,0.0,0.0,0.0,0,0.0,0.0,0.0,0.0,0.0,0.00465171332189146,0.0,0.0,0.0,0.001162928330472865,0
100,Ursula Rodel,w,Mode,Ursula Rodel,0,0,95,0,0.0,0.0,0.0,0.0,0.0,0.0,0.0,0.0,0.0,0.0,0.0,0.0,0.0,0.0,0.0,0.0,0.0,0.0,0,0.0,0.0,0.0,0.0,0.0,0.0,0.0,0.0,0.0,0.0,0.0,0.0,Ursula Rodel,3.0,0.0,0.0,0.0,3.0,0.0003846836716576907,0.0004246284501061571,0.75,0.0,0.18770232803044096,0
101,Zora del Buono,w,Literatur,Zora del Buono,0,0,1560,0,0.0,0.0,0.0,0.0,0.0,0.0,0.0,0.0,0.0,0.0,0.0,0.0,0.0,0.0,0.0,0.0,0.0,0.0,0,0.0,0.0,0.0,0.0,0.0,0.0,0.0,0.0,0.0,0.0,0.0,0.0,Zora del Buono,27.0,29.0,0.0,1.0,106.0,0.00905486180978872,0.015003538570417552,0.8221038415347656,0.0,0.21154056047874295,0
